,VIDEO,ANIMAL,BODY-PART,SHAPE,ENTRY FRAMES,EXIT FRAMES
0,D1_3931cropped,Animal_1,Nose,H0,2080,2103
1,D1_3931cropped,Animal_1,Nose,H0,2110,2111
2,D1_3931cropped,Animal_1,Nose,H0,2115,2148
0,D1_3931cropped,Animal_1,Nose,H17,1920,1933
0,D1_3931cropped,Animal_1,Nose,H4,477,509
1,D1_3931cropped,Animal_1,Nose,H4,531,552
0,D1_3931cropped,Animal_1,Nose,H2,776,803
1,D1_3931cropped,Animal_1,Nose,H2,812,818
2,D1_3931cropped,Animal_1,Nose,H2,822,830
3,D1_3931cropped,Animal_1,Nose,H2,834,848
0,D1_3931cropped,Animal_1,Nose,H18,1978,1988
1,D1_3931cropped,Animal_1,Nose,H18,1993,2011
0,D1_3931cropped,Animal_1,Nose,H5,260,347
1,D1_3931cropped,Animal_1,Nose,H5,365,421
0,D1_3931cropped,Animal_1,Nose,H19,641,659
1,D1_3931cropped,Animal_1,Nose,H19,2044,2065
0,D1_3931cropped,Animal_1,Nose,H13,905,922
1,D1_3931cropped,Animal_1,Nose,H13,1038,1043
2,D1_3931cropped,Animal_1,Nose,H13,1045,1082
3,D1_3931cropped,Animal_1,Nose,H13,1096,1099
4,D1_3931cropped,Animal_1,Nose,H13,1107,1164
5,D1_3931cropped,Animal_1,Nose,H13,1425,1438
6,D1_3931cropped,Animal_1,Nose,H13,1476,1504
7,D1_3931cropped,Animal_1,Nose,H13,1507,1509
8,D1_3931cropped,Animal_1,Nose,H13,1512,1565
9,D1_3931cropped,Animal_1,Nose,H13,1569,1582
10,D1_3931cropped,Animal_1,Nose,H13,1587,1598
11,D1_3931cropped,Animal_1,Nose,H13,1614,1615
12,D1_3931cropped,Animal_1,Nose,H13,1673,1674
13,D1_3931cropped,Animal_1,Nose,H13,1680,1688
14,D1_3931cropped,Animal_1,Nose,H13,1709,1710
15,D1_3931cropped,Animal_1,Nose,H13,1713,1713
16,D1_3931cropped,Animal_1,Nose,H13,1718,1744
17,D1_3931cropped,Animal_1,Nose,H13,1751,1751
18,D1_3931cropped,Animal_1,Nose,H13,1800,1802
19,D1_3931cropped,Animal_1,Nose,H13,1804,1805
20,D1_3931cropped,Animal_1,Nose,H13,1837,1845
21,D1_3931cropped,Animal_1,Nose,H13,1848,1848
22,D1_3931cropped,Animal_1,Nose,H13,1859,1870
0,D1_8515cropped,Animal_1,Nose,H14,1100,1105
1,D1_8515cropped,Animal_1,Nose,H14,1338,1340
2,D1_8515cropped,Animal_1,Nose,H14,1342,1342
3,D1_8515cropped,Animal_1,Nose,H14,2398,2402
4,D1_8515cropped,Animal_1,Nose,H14,2937,2942
5,D1_8515cropped,Animal_1,Nose,H14,2945,2946
0,D1_8515cropped,Animal_1,Nose,H15,1086,1091
1,D1_8515cropped,Animal_1,Nose,H15,1303,1310
2,D1_8515cropped,Animal_1,Nose,H15,2014,2014
0,D1_8515cropped,Animal_1,Nose,H10,58,58
1,D1_8515cropped,Animal_1,Nose,H10,60,67
2,D1_8515cropped,Animal_1,Nose,H10,315,322
3,D1_8515cropped,Animal_1,Nose,H10,2741,2746
0,D1_8515cropped,Animal_1,Nose,H9,74,80
1,D1_8515cropped,Animal_1,Nose,H9,328,347
2,D1_8515cropped,Animal_1,Nose,H9,886,898
3,D1_8515cropped,Animal_1,Nose,H9,2309,2313
4,D1_8515cropped,Animal_1,Nose,H9,2725,2736
5,D1_8515cropped,Animal_1,Nose,H9,3790,3791
0,D1_8515cropped,Animal_1,Nose,H16,248,255
1,D1_8515cropped,Animal_1,Nose,H16,262,264
2,D1_8515cropped,Animal_1,Nose,H16,746,754
3,D1_8515cropped,Animal_1,Nose,H16,1019,1024
4,D1_8515cropped,Animal_1,Nose,H16,1290,1298
5,D1_8515cropped,Animal_1,Nose,H16,1462,1462
6,D1_8515cropped,Animal_1,Nose,H16,2015,2023
7,D1_8515cropped,Animal_1,Nose,H16,2417,2418
8,D1_8515cropped,Animal_1,Nose,H16,4158,4158
0,D1_8515cropped,Animal_1,Nose,H13,773,777
1,D1_8515cropped,Animal_1,Nose,H13,1118,1125
2,D1_8515cropped,Animal_1,Nose,H13,1966,1973
3,D1_8515cropped,Animal_1,Nose,H13,2391,2392
4,D1_8515cropped,Animal_1,Nose,H13,2818,2819
5,D1_8515cropped,Animal_1,Nose,H13,2822,2851
0,D1_8515cropped,Animal_1,Nose,H5,555,563
1,D1_8515cropped,Animal_1,Nose,H5,935,941
2,D1_8515cropped,Animal_1,Nose,H5,3678,3683
3,D1_8515cropped,Animal_1,Nose,H5,3688,3696
0,D1_8515cropped,Animal_1,Nose,H17,186,191
1,D1_8515cropped,Animal_1,Nose,H17,686,691
2,D1_8515cropped,Animal_1,Nose,H17,1280,1286
3,D1_8515cropped,Animal_1,Nose,H17,1422,1439
4,D1_8515cropped,Animal_1,Nose,H17,1477,1486
5,D1_8515cropped,Animal_1,Nose,H17,4119,4130
0,D1_8515cropped,Animal_1,Nose,H11,48,52
1,D1_8515cropped,Animal_1,Nose,H11,303,307
2,D1_8515cropped,Animal_1,Nose,H11,1894,1894
3,D1_8515cropped,Animal_1,Nose,H11,2340,2345
4,D1_8515cropped,Animal_1,Nose,H11,2768,2797
0,D1_8515cropped,Animal_1,Nose,H12,290,295
1,D1_8515cropped,Animal_1,Nose,H12,864,868
2,D1_8515cropped,Animal_1,Nose,H12,1193,1197
3,D1_8515cropped,Animal_1,Nose,H12,1915,1921
4,D1_8515cropped,Animal_1,Nose,H12,2350,2355
0,D1_8515cropped,Animal_1,Nose,H2,428,429
1,D1_8515cropped,Animal_1,Nose,H2,1700,1702
2,D1_8515cropped,Animal_1,Nose,H2,1705,1709
3,D1_8515cropped,Animal_1,Nose,H2,2208,2210
4,D1_8515cropped,Animal_1,Nose,H2,2529,2529
5,D1_8515cropped,Animal_1,Nose,H2,3423,3428
6,D1_8515cropped,Animal_1,Nose,H2,3434,3434
7,D1_8515cropped,Animal_1,Nose,H2,4296,4305
0,D1_8515cropped,Animal_1,Nose,H8,903,910
1,D1_8515cropped,Animal_1,Nose,H8,1859,1862
2,D1_8515cropped,Animal_1,Nose,H8,2281,2284
3,D1_8515cropped,Animal_1,Nose,H8,2695,2695
4,D1_8515cropped,Animal_1,Nose,H8,3743,3743
0,D1_8515cropped,Animal_1,Nose,H6,925,930
1,D1_8515cropped,Animal_1,Nose,H6,933,933
2,D1_8515cropped,Animal_1,Nose,H6,3701,3708
0,D1_8515cropped,Animal_1,Nose,H19,470,478
1,D1_8515cropped,Animal_1,Nose,H19,1573,1574
2,D1_8515cropped,Animal_1,Nose,H19,2138,2145
3,D1_8515cropped,Animal_1,Nose,H19,3111,3126
4,D1_8515cropped,Animal_1,Nose,H19,3292,3300
0,D1_8515cropped,Animal_1,Nose,H0,441,457
1,D1_8515cropped,Animal_1,Nose,H0,647,662
2,D1_8515cropped,Animal_1,Nose,H0,1599,1616
3,D1_8515cropped,Animal_1,Nose,H0,2150,2153
4,D1_8515cropped,Animal_1,Nose,H0,2970,3028
5,D1_8515cropped,Animal_1,Nose,H0,3106,3106
6,D1_8515cropped,Animal_1,Nose,H0,3331,3352
7,D1_8515cropped,Animal_1,Nose,H0,3354,3372
8,D1_8515cropped,Animal_1,Nose,H0,4017,4047
9,D1_8515cropped,Animal_1,Nose,H0,4388,4433
10,D1_8515cropped,Animal_1,Nose,H0,4449,4477
0,D1_8515cropped,Animal_1,Nose,H1,613,625
1,D1_8515cropped,Animal_1,Nose,H1,1640,1644
2,D1_8515cropped,Animal_1,Nose,H1,1648,1648
3,D1_8515cropped,Animal_1,Nose,H1,1696,1697
4,D1_8515cropped,Animal_1,Nose,H1,2176,2177
5,D1_8515cropped,Animal_1,Nose,H1,2180,2180
6,D1_8515cropped,Animal_1,Nose,H1,2501,2504
7,D1_8515cropped,Animal_1,Nose,H1,3072,3095
8,D1_8515cropped,Animal_1,Nose,H1,3390,3397
9,D1_8515cropped,Animal_1,Nose,H1,3402,3402
10,D1_8515cropped,Animal_1,Nose,H1,3938,3949
0,D1_8515cropped,Animal_1,Nose,H7,914,920
1,D1_8515cropped,Animal_1,Nose,H7,1831,1837
2,D1_8515cropped,Animal_1,Nose,H7,2673,2674
3,D1_8515cropped,Animal_1,Nose,H7,3734,3736
0,D1_8515cropped,Animal_1,Nose,H4,107,113
1,D1_8515cropped,Animal_1,Nose,H4,371,384
2,D1_8515cropped,Animal_1,Nose,H4,946,953
3,D1_8515cropped,Animal_1,Nose,H4,2230,2233
4,D1_8515cropped,Animal_1,Nose,H4,3612,3613
5,D1_8515cropped,Animal_1,Nose,H4,4196,4197
6,D1_8515cropped,Animal_1,Nose,H4,4200,4210
0,D1_8515cropped,Animal_1,Nose,H18,177,178
1,D1_8515cropped,Animal_1,Nose,H18,508,514
2,D1_8515cropped,Animal_1,Nose,H18,1246,1253
3,D1_8515cropped,Animal_1,Nose,H18,2101,2104
4,D1_8515cropped,Animal_1,Nose,H18,3185,3190
5,D1_8515cropped,Animal_1,Nose,H18,3223,3223
6,D1_8515cropped,Animal_1,Nose,H18,3273,3281
7,D1_8515cropped,Animal_1,Nose,H18,4077,4083
0,D1_8515cropped,Animal_1,Nose,H3,140,153
1,D1_8515cropped,Animal_1,Nose,H3,389,400
2,D1_8515cropped,Animal_1,Nose,H3,975,989
3,D1_8515cropped,Animal_1,Nose,H3,1739,1741
4,D1_8515cropped,Animal_1,Nose,H3,2560,2562
5,D1_8515cropped,Animal_1,Nose,H3,3435,3439
6,D1_8515cropped,Animal_1,Nose,H3,4243,4253
0,D1_8910cropped,Animal_1,Nose,H0,254,276
1,D1_8910cropped,Animal_1,Nose,H0,294,343
0,D1_8910cropped,Animal_1,Nose,H3,344,370
1,D1_8910cropped,Animal_1,Nose,H3,373,373
0,D1_8910cropped,Animal_1,Nose,H1,206,229
1,D1_8910cropped,Animal_1,Nose,H1,235,235
0,D1_8910cropped,Animal_1,Nose,H2,59,98
1,D1_8910cropped,Animal_1,Nose,H2,104,104
2,D1_8910cropped,Animal_1,Nose,H2,106,107
3,D1_8910cropped,Animal_1,Nose,H2,114,117
4,D1_8910cropped,Animal_1,Nose,H2,144,147
5,D1_8910cropped,Animal_1,Nose,H2,174,175
0,D1_8930cropped,Animal_1,Nose,H8,1680,1690
1,D1_8930cropped,Animal_1,Nose,H8,1747,1763
2,D1_8930cropped,Animal_1,Nose,H8,2627,2642
3,D1_8930cropped,Animal_1,Nose,H8,2898,2937
4,D1_8930cropped,Animal_1,Nose,H8,3433,3472
0,D1_8930cropped,Animal_1,Nose,H15,3628,3636
1,D1_8930cropped,Animal_1,Nose,H15,3651,3663
2,D1_8930cropped,Animal_1,Nose,H15,3683,3689
3,D1_8930cropped,Animal_1,Nose,H15,3713,3759
4,D1_8930cropped,Animal_1,Nose,H15,3763,3782
5,D1_8930cropped,Animal_1,Nose,H15,4295,4317
6,D1_8930cropped,Animal_1,Nose,H15,4596,4609
7,D1_8930cropped,Animal_1,Nose,H15,4660,4660
8,D1_8930cropped,Animal_1,Nose,H15,4664,4683
9,D1_8930cropped,Animal_1,Nose,H15,4685,4692
10,D1_8930cropped,Animal_1,Nose,H15,4697,4698
0,D1_8930cropped,Animal_1,Nose,H11,46,79
1,D1_8930cropped,Animal_1,Nose,H11,98,109
2,D1_8930cropped,Animal_1,Nose,H11,208,223
3,D1_8930cropped,Animal_1,Nose,H11,880,888
0,D1_8930cropped,Animal_1,Nose,H2,1955,1960
0,D1_8930cropped,Animal_1,Nose,H14,3799,3847
1,D1_8930cropped,Animal_1,Nose,H14,3866,3919
2,D1_8930cropped,Animal_1,Nose,H14,4078,4082
3,D1_8930cropped,Animal_1,Nose,H14,4131,4132
4,D1_8930cropped,Animal_1,Nose,H14,4382,4431
5,D1_8930cropped,Animal_1,Nose,H14,4469,4475
6,D1_8930cropped,Animal_1,Nose,H14,4477,4478
7,D1_8930cropped,Animal_1,Nose,H14,4483,4522
0,D1_8930cropped,Animal_1,Nose,H13,339,352
0,D1_8930cropped,Animal_1,Nose,H10,161,169
1,D1_8930cropped,Animal_1,Nose,H10,175,176
2,D1_8930cropped,Animal_1,Nose,H10,178,185
3,D1_8930cropped,Animal_1,Nose,H10,2966,3021
4,D1_8930cropped,Animal_1,Nose,H10,3031,3037
5,D1_8930cropped,Animal_1,Nose,H10,3051,3063
0,D1_8930cropped,Animal_1,Nose,H12,800,840
1,D1_8930cropped,Animal_1,Nose,H12,844,855
2,D1_8930cropped,Animal_1,Nose,H12,950,957
3,D1_8930cropped,Animal_1,Nose,H12,959,959
4,D1_8930cropped,Animal_1,Nose,H12,963,984
5,D1_8930cropped,Animal_1,Nose,H12,1052,1069
6,D1_8930cropped,Animal_1,Nose,H12,1074,1089
7,D1_8930cropped,Animal_1,Nose,H12,1092,1116
8,D1_8930cropped,Animal_1,Nose,H12,1125,1130
9,D1_8930cropped,Animal_1,Nose,H12,1132,1134
10,D1_8930cropped,Animal_1,Nose,H12,1139,1157
11,D1_8930cropped,Animal_1,Nose,H12,1166,1173
12,D1_8930cropped,Animal_1,Nose,H12,1197,1197
0,D1_8930cropped,Animal_1,Nose,H6,2067,2068
0,D1_8930cropped,Animal_1,Nose,H3,1977,1983
0,D1_8930cropped,Animal_1,Nose,H1,1456,1463
1,D1_8930cropped,Animal_1,Nose,H1,1469,1482
2,D1_8930cropped,Animal_1,Nose,H1,1488,1489
3,D1_8930cropped,Animal_1,Nose,H1,1492,1504
0,D1_8930cropped,Animal_1,Nose,H9,2673,2677
1,D1_8930cropped,Animal_1,Nose,H9,2679,2679
2,D1_8930cropped,Animal_1,Nose,H9,2685,2703
3,D1_8930cropped,Animal_1,Nose,H9,2759,2759
4,D1_8930cropped,Animal_1,Nose,H9,2762,2764
5,D1_8930cropped,Animal_1,Nose,H9,2766,2767
6,D1_8930cropped,Animal_1,Nose,H9,2771,2772
7,D1_8930cropped,Animal_1,Nose,H9,2780,2780
8,D1_8930cropped,Animal_1,Nose,H9,2829,2843
9,D1_8930cropped,Animal_1,Nose,H9,3401,3405
0,D1_8930cropped,Animal_1,Nose,H7,1611,1624
1,D1_8930cropped,Animal_1,Nose,H7,1633,1640
2,D1_8930cropped,Animal_1,Nose,H7,1643,1646
3,D1_8930cropped,Animal_1,Nose,H7,1654,1658
4,D1_8930cropped,Animal_1,Nose,H7,1858,1869
5,D1_8930cropped,Animal_1,Nose,H7,1872,1876
6,D1_8930cropped,Animal_1,Nose,H7,1881,1883
7,D1_8930cropped,Animal_1,Nose,H7,2445,2452
8,D1_8930cropped,Animal_1,Nose,H7,2584,2596
0,D2_3931cropped,Animal_1,Nose,H5,458,462
1,D2_3931cropped,Animal_1,Nose,H5,464,466
0,D2_3931cropped,Animal_1,Nose,H0,606,610
1,D2_3931cropped,Animal_1,Nose,H0,626,656
2,D2_3931cropped,Animal_1,Nose,H0,659,737
0,D2_3931cropped,Animal_1,Nose,H4,338,342
1,D2_3931cropped,Animal_1,Nose,H4,346,370
2,D2_3931cropped,Animal_1,Nose,H4,374,377
0,D2_3931cropped,Animal_1,Nose,H6,491,503
0,D2_3931cropped,Animal_1,Nose,H3,153,200
1,D2_3931cropped,Animal_1,Nose,H3,232,264
2,D2_3931cropped,Animal_1,Nose,H3,288,301
0,D2_8515cropped,Animal_1,Nose,H3,2245,2248
1,D2_8515cropped,Animal_1,Nose,H3,2420,2428
2,D2_8515cropped,Animal_1,Nose,H3,2759,2763
3,D2_8515cropped,Animal_1,Nose,H3,3626,3637
0,D2_8515cropped,Animal_1,Nose,H12,904,908
1,D2_8515cropped,Animal_1,Nose,H12,1328,1335
2,D2_8515cropped,Animal_1,Nose,H12,2353,2354
0,D2_8515cropped,Animal_1,Nose,H15,432,435
0,D2_8515cropped,Animal_1,Nose,H10,869,874
1,D2_8515cropped,Animal_1,Nose,H10,1734,1739
2,D2_8515cropped,Animal_1,Nose,H10,2690,2690
0,D2_8515cropped,Animal_1,Nose,H14,1426,1431
0,D2_8515cropped,Animal_1,Nose,H8,29,36
1,D2_8515cropped,Animal_1,Nose,H8,818,819
2,D2_8515cropped,Animal_1,Nose,H8,821,823
3,D2_8515cropped,Animal_1,Nose,H8,1698,1705
0,D2_8515cropped,Animal_1,Nose,H17,133,142
1,D2_8515cropped,Animal_1,Nose,H17,391,399
2,D2_8515cropped,Animal_1,Nose,H17,945,950
3,D2_8515cropped,Animal_1,Nose,H17,1246,1254
4,D2_8515cropped,Animal_1,Nose,H17,1470,1470
5,D2_8515cropped,Animal_1,Nose,H17,1868,1876
6,D2_8515cropped,Animal_1,Nose,H17,1880,1880
0,D2_8515cropped,Animal_1,Nose,H11,218,220
1,D2_8515cropped,Animal_1,Nose,H11,227,227
2,D2_8515cropped,Animal_1,Nose,H11,879,884
3,D2_8515cropped,Animal_1,Nose,H11,2356,2356
0,D2_8515cropped,Animal_1,Nose,H9,846,852
1,D2_8515cropped,Animal_1,Nose,H9,1713,1716
2,D2_8515cropped,Animal_1,Nose,H9,2692,2696
0,D2_8515cropped,Animal_1,Nose,H19,543,543
1,D2_8515cropped,Animal_1,Nose,H19,607,610
2,D2_8515cropped,Animal_1,Nose,H19,619,640
3,D2_8515cropped,Animal_1,Nose,H19,1510,1523
4,D2_8515cropped,Animal_1,Nose,H19,2103,2122
5,D2_8515cropped,Animal_1,Nose,H19,2592,2595
6,D2_8515cropped,Animal_1,Nose,H19,2886,2890
7,D2_8515cropped,Animal_1,Nose,H19,3126,3138
8,D2_8515cropped,Animal_1,Nose,H19,3173,3177
0,D2_8515cropped,Animal_1,Nose,H7,81,88
0,D2_8515cropped,Animal_1,Nose,H6,2718,2721
1,D2_8515cropped,Animal_1,Nose,H6,2929,2932
2,D2_8515cropped,Animal_1,Nose,H6,2954,2954
3,D2_8515cropped,Animal_1,Nose,H6,3593,3597
0,D2_8515cropped,Animal_1,Nose,H16,162,170
1,D2_8515cropped,Animal_1,Nose,H16,403,410
2,D2_8515cropped,Animal_1,Nose,H16,1023,1042
3,D2_8515cropped,Animal_1,Nose,H16,1468,1468
4,D2_8515cropped,Animal_1,Nose,H16,1881,1887
5,D2_8515cropped,Animal_1,Nose,H16,1923,1923
0,D2_8515cropped,Animal_1,Nose,H5,2400,2404
1,D2_8515cropped,Animal_1,Nose,H5,3602,3606
0,D2_8515cropped,Animal_1,Nose,H4,2002,2008
1,D2_8515cropped,Animal_1,Nose,H4,2408,2413
2,D2_8515cropped,Animal_1,Nose,H4,2730,2733
3,D2_8515cropped,Animal_1,Nose,H4,3612,3619
0,D2_8515cropped,Animal_1,Nose,H0,260,295
1,D2_8515cropped,Animal_1,Nose,H0,513,532
2,D2_8515cropped,Animal_1,Nose,H0,678,688
3,D2_8515cropped,Animal_1,Nose,H0,1127,1142
4,D2_8515cropped,Animal_1,Nose,H0,1548,1554
5,D2_8515cropped,Animal_1,Nose,H0,2058,2084
6,D2_8515cropped,Animal_1,Nose,H0,2170,2170
7,D2_8515cropped,Animal_1,Nose,H0,2172,2180
8,D2_8515cropped,Animal_1,Nose,H0,2482,2517
9,D2_8515cropped,Animal_1,Nose,H0,2776,2810
10,D2_8515cropped,Animal_1,Nose,H0,3085,3121
11,D2_8515cropped,Animal_1,Nose,H0,3254,3275
12,D2_8515cropped,Animal_1,Nose,H0,3309,3318
13,D2_8515cropped,Animal_1,Nose,H0,3692,3725
14,D2_8515cropped,Animal_1,Nose,H0,3729,3735
0,D2_8515cropped,Animal_1,Nose,H18,346,351
1,D2_8515cropped,Animal_1,Nose,H18,551,554
2,D2_8515cropped,Animal_1,Nose,H18,556,556
3,D2_8515cropped,Animal_1,Nose,H18,1183,1189
4,D2_8515cropped,Animal_1,Nose,H18,1244,1244
5,D2_8515cropped,Animal_1,Nose,H18,2601,2608
0,D2_8515cropped,Animal_1,Nose,H1,475,501
1,D2_8515cropped,Animal_1,Nose,H1,722,722
2,D2_8515cropped,Animal_1,Nose,H1,1103,1122
3,D2_8515cropped,Animal_1,Nose,H1,1580,1587
4,D2_8515cropped,Animal_1,Nose,H1,2046,2046
5,D2_8515cropped,Animal_1,Nose,H1,2048,2054
6,D2_8515cropped,Animal_1,Nose,H1,2201,2207
7,D2_8515cropped,Animal_1,Nose,H1,2461,2475
8,D2_8515cropped,Animal_1,Nose,H1,3243,3248
9,D2_8515cropped,Animal_1,Nose,H1,3670,3677
0,D2_8515cropped,Animal_1,Nose,H2,750,753
1,D2_8515cropped,Animal_1,Nose,H2,1618,1621
2,D2_8515cropped,Animal_1,Nose,H2,2017,2017
3,D2_8515cropped,Animal_1,Nose,H2,2239,2239
4,D2_8515cropped,Animal_1,Nose,H2,2444,2456
5,D2_8515cropped,Animal_1,Nose,H2,3658,3665
0,D2_8910cropped,Animal_1,Nose,H19,35,43
1,D2_8910cropped,Animal_1,Nose,H19,45,68
2,D2_8910cropped,Animal_1,Nose,H19,75,81
3,D2_8910cropped,Animal_1,Nose,H19,199,206
4,D2_8910cropped,Animal_1,Nose,H19,210,221
0,D2_8910cropped,Animal_1,Nose,H0,82,134
1,D2_8910cropped,Animal_1,Nose,H0,143,181
2,D2_8910cropped,Animal_1,Nose,H0,186,187
3,D2_8910cropped,Animal_1,Nose,H0,226,270
4,D2_8910cropped,Animal_1,Nose,H0,273,275
0,D2_8930cropped,Animal_1,Nose,H18,4343,4365
1,D2_8930cropped,Animal_1,Nose,H18,4471,4474
0,D2_8930cropped,Animal_1,Nose,H5,931,938
0,D2_8930cropped,Animal_1,Nose,H8,1060,1068
1,D2_8930cropped,Animal_1,Nose,H8,1092,1094
2,D2_8930cropped,Animal_1,Nose,H8,1180,1182
3,D2_8930cropped,Animal_1,Nose,H8,1215,1220
4,D2_8930cropped,Animal_1,Nose,H8,1321,1345
5,D2_8930cropped,Animal_1,Nose,H8,1357,1359
6,D2_8930cropped,Animal_1,Nose,H8,1432,1442
7,D2_8930cropped,Animal_1,Nose,H8,1781,1790
8,D2_8930cropped,Animal_1,Nose,H8,1846,1852
0,D2_8930cropped,Animal_1,Nose,H1,4656,4664
0,D2_8930cropped,Animal_1,Nose,H16,3850,3853
1,D2_8930cropped,Animal_1,Nose,H16,3870,3927
0,D2_8930cropped,Animal_1,Nose,H7,1520,1550
1,D2_8930cropped,Animal_1,Nose,H7,1691,1702
2,D2_8930cropped,Animal_1,Nose,H7,3516,3529
0,D2_8930cropped,Animal_1,Nose,H0,4081,4114
1,D2_8930cropped,Animal_1,Nose,H0,4139,4178
2,D2_8930cropped,Animal_1,Nose,H0,4211,4226
3,D2_8930cropped,Animal_1,Nose,H0,4237,4240
4,D2_8930cropped,Animal_1,Nose,H0,4242,4247
5,D2_8930cropped,Animal_1,Nose,H0,4757,4773
6,D2_8930cropped,Animal_1,Nose,H0,4775,4791
7,D2_8930cropped,Animal_1,Nose,H0,4810,4822
8,D2_8930cropped,Animal_1,Nose,H0,4856,4914
0,D2_8930cropped,Animal_1,Nose,H4,731,764
0,D2_8930cropped,Animal_1,Nose,H9,277,313
1,D2_8930cropped,Animal_1,Nose,H9,328,331
2,D2_8930cropped,Animal_1,Nose,H9,397,411
3,D2_8930cropped,Animal_1,Nose,H9,413,413
4,D2_8930cropped,Animal_1,Nose,H9,437,467
5,D2_8930cropped,Animal_1,Nose,H9,477,483
6,D2_8930cropped,Animal_1,Nose,H9,507,513
7,D2_8930cropped,Animal_1,Nose,H9,2056,2061
0,D2_8930cropped,Animal_1,Nose,H19,4275,4301
1,D2_8930cropped,Animal_1,Nose,H19,4305,4328
0,D2_8930cropped,Animal_1,Nose,H6,3545,3553
1,D2_8930cropped,Animal_1,Nose,H6,3612,3631
0,D3_3931cropped,Animal_1,Nose,H19,3056,3065
0,D3_3931cropped,Animal_1,Nose,H5,1252,1309
1,D3_3931cropped,Animal_1,Nose,H5,1399,1426
2,D3_3931cropped,Animal_1,Nose,H5,1475,1518
3,D3_3931cropped,Animal_1,Nose,H5,1643,1644
0,D3_3931cropped,Animal_1,Nose,H17,2920,2935
0,D3_3931cropped,Animal_1,Nose,H4,1082,1161
1,D3_3931cropped,Animal_1,Nose,H4,1679,1714
0,D3_3931cropped,Animal_1,Nose,H18,2980,2997
0,D3_3931cropped,Animal_1,Nose,H16,2558,2569
1,D3_3931cropped,Animal_1,Nose,H16,2571,2571
2,D3_3931cropped,Animal_1,Nose,H16,2636,2637
3,D3_3931cropped,Animal_1,Nose,H16,2724,2751
4,D3_3931cropped,Animal_1,Nose,H16,2793,2793
5,D3_3931cropped,Animal_1,Nose,H16,2796,2796
6,D3_3931cropped,Animal_1,Nose,H16,2798,2815
7,D3_3931cropped,Animal_1,Nose,H16,2846,2849
0,D3_3931cropped,Animal_1,Nose,H7,558,577
1,D3_3931cropped,Animal_1,Nose,H7,639,639
2,D3_3931cropped,Animal_1,Nose,H7,642,643
3,D3_3931cropped,Animal_1,Nose,H7,796,797
4,D3_3931cropped,Animal_1,Nose,H7,806,813
5,D3_3931cropped,Animal_1,Nose,H7,831,831
6,D3_3931cropped,Animal_1,Nose,H7,833,837
7,D3_3931cropped,Animal_1,Nose,H7,852,881
8,D3_3931cropped,Animal_1,Nose,H7,956,957
9,D3_3931cropped,Animal_1,Nose,H7,964,973
10,D3_3931cropped,Animal_1,Nose,H7,987,993
0,D3_3931cropped,Animal_1,Nose,H0,3148,3151
1,D3_3931cropped,Animal_1,Nose,H0,3157,3157
2,D3_3931cropped,Animal_1,Nose,H0,3159,3271
3,D3_3931cropped,Animal_1,Nose,H0,3288,3323
4,D3_3931cropped,Animal_1,Nose,H0,3325,3325
5,D3_3931cropped,Animal_1,Nose,H0,3327,3327
6,D3_3931cropped,Animal_1,Nose,H0,3332,3335
0,D3_8515cropped,Animal_1,Nose,H12,2170,2187
1,D3_8515cropped,Animal_1,Nose,H12,3063,3066
2,D3_8515cropped,Animal_1,Nose,H12,6297,6306
3,D3_8515cropped,Animal_1,Nose,H12,6310,6316
0,D3_8515cropped,Animal_1,Nose,H15,703,722
1,D3_8515cropped,Animal_1,Nose,H15,1137,1170
2,D3_8515cropped,Animal_1,Nose,H15,1279,1292
3,D3_8515cropped,Animal_1,Nose,H15,3153,3164
4,D3_8515cropped,Animal_1,Nose,H15,3425,3430
5,D3_8515cropped,Animal_1,Nose,H15,3447,3448
6,D3_8515cropped,Animal_1,Nose,H15,4534,4553
7,D3_8515cropped,Animal_1,Nose,H15,5058,5073
0,D3_8515cropped,Animal_1,Nose,H8,1918,1931
1,D3_8515cropped,Animal_1,Nose,H8,2977,3002
2,D3_8515cropped,Animal_1,Nose,H8,7418,7419
0,D3_8515cropped,Animal_1,Nose,H3,1792,1807
1,D3_8515cropped,Animal_1,Nose,H3,2819,2834
2,D3_8515cropped,Animal_1,Nose,H3,4063,4076
3,D3_8515cropped,Animal_1,Nose,H3,5470,5485
4,D3_8515cropped,Animal_1,Nose,H3,6429,6444
5,D3_8515cropped,Animal_1,Nose,H3,7095,7114
6,D3_8515cropped,Animal_1,Nose,H3,7485,7501
7,D3_8515cropped,Animal_1,Nose,H3,8190,8197
0,D3_8515cropped,Animal_1,Nose,H2,1764,1779
1,D3_8515cropped,Animal_1,Nose,H2,2796,2804
2,D3_8515cropped,Animal_1,Nose,H2,2814,2814
3,D3_8515cropped,Animal_1,Nose,H2,4147,4160
4,D3_8515cropped,Animal_1,Nose,H2,6473,6520
5,D3_8515cropped,Animal_1,Nose,H2,7157,7174
6,D3_8515cropped,Animal_1,Nose,H2,7528,7539
7,D3_8515cropped,Animal_1,Nose,H2,8080,8093
8,D3_8515cropped,Animal_1,Nose,H2,8098,8099
0,D3_8515cropped,Animal_1,Nose,H5,7061,7072
1,D3_8515cropped,Animal_1,Nose,H5,7450,7457
0,D3_8515cropped,Animal_1,Nose,H14,47,70
1,D3_8515cropped,Animal_1,Nose,H14,115,116
2,D3_8515cropped,Animal_1,Nose,H14,841,850
3,D3_8515cropped,Animal_1,Nose,H14,888,888
4,D3_8515cropped,Animal_1,Nose,H14,893,906
5,D3_8515cropped,Animal_1,Nose,H14,909,1030
6,D3_8515cropped,Animal_1,Nose,H14,1091,1106
7,D3_8515cropped,Animal_1,Nose,H14,4564,4565
8,D3_8515cropped,Animal_1,Nose,H14,4610,4613
9,D3_8515cropped,Animal_1,Nose,H14,4616,4616
10,D3_8515cropped,Animal_1,Nose,H14,5082,5094
0,D3_8515cropped,Animal_1,Nose,H9,1940,1945
1,D3_8515cropped,Animal_1,Nose,H9,1948,1955
2,D3_8515cropped,Animal_1,Nose,H9,7404,7407
0,D3_8515cropped,Animal_1,Nose,H17,1378,1393
1,D3_8515cropped,Animal_1,Nose,H17,2470,2479
2,D3_8515cropped,Animal_1,Nose,H17,4466,4479
3,D3_8515cropped,Animal_1,Nose,H17,5008,5021
4,D3_8515cropped,Animal_1,Nose,H17,5334,5351
5,D3_8515cropped,Animal_1,Nose,H17,5586,5601
6,D3_8515cropped,Animal_1,Nose,H17,7292,7293
0,D3_8515cropped,Animal_1,Nose,H11,359,368
1,D3_8515cropped,Animal_1,Nose,H11,2010,2025
2,D3_8515cropped,Animal_1,Nose,H11,6335,6342
0,D3_8515cropped,Animal_1,Nose,H1,1688,1697
1,D3_8515cropped,Animal_1,Nose,H1,2664,2664
2,D3_8515cropped,Animal_1,Nose,H1,2666,2671
3,D3_8515cropped,Animal_1,Nose,H1,2673,2689
4,D3_8515cropped,Animal_1,Nose,H1,2696,2721
5,D3_8515cropped,Animal_1,Nose,H1,2730,2733
6,D3_8515cropped,Animal_1,Nose,H1,4171,4184
7,D3_8515cropped,Animal_1,Nose,H1,4686,4701
8,D3_8515cropped,Animal_1,Nose,H1,7548,7567
9,D3_8515cropped,Animal_1,Nose,H1,7944,7949
10,D3_8515cropped,Animal_1,Nose,H1,8326,8337
0,D3_8515cropped,Animal_1,Nose,H13,2196,2219
1,D3_8515cropped,Animal_1,Nose,H13,2308,2323
2,D3_8515cropped,Animal_1,Nose,H13,5104,5113
3,D3_8515cropped,Animal_1,Nose,H13,6949,6958
0,D3_8515cropped,Animal_1,Nose,H7,3957,3966
1,D3_8515cropped,Animal_1,Nose,H7,7428,7431
0,D3_8515cropped,Animal_1,Nose,H10,493,502
1,D3_8515cropped,Animal_1,Nose,H10,1984,1997
2,D3_8515cropped,Animal_1,Nose,H10,6357,6368
3,D3_8515cropped,Animal_1,Nose,H10,7390,7391
4,D3_8515cropped,Animal_1,Nose,H10,7400,7401
0,D3_8515cropped,Animal_1,Nose,H0,1486,1513
1,D3_8515cropped,Animal_1,Nose,H0,1554,1597
2,D3_8515cropped,Animal_1,Nose,H0,1599,1631
3,D3_8515cropped,Animal_1,Nose,H0,3741,3746
4,D3_8515cropped,Animal_1,Nose,H0,4286,4313
5,D3_8515cropped,Animal_1,Nose,H0,4316,4357
6,D3_8515cropped,Animal_1,Nose,H0,4740,4765
7,D3_8515cropped,Animal_1,Nose,H0,4774,4809
8,D3_8515cropped,Animal_1,Nose,H0,5933,5998
9,D3_8515cropped,Animal_1,Nose,H0,6000,6000
10,D3_8515cropped,Animal_1,Nose,H0,6553,6652
11,D3_8515cropped,Animal_1,Nose,H0,7582,7783
12,D3_8515cropped,Animal_1,Nose,H0,7858,7907
13,D3_8515cropped,Animal_1,Nose,H0,8346,8509
14,D3_8515cropped,Animal_1,Nose,H0,8511,8511
15,D3_8515cropped,Animal_1,Nose,H0,8534,8563
16,D3_8515cropped,Animal_1,Nose,H0,8568,8581
0,D3_8515cropped,Animal_1,Nose,H6,2925,2938
1,D3_8515cropped,Animal_1,Nose,H6,4017,4038
2,D3_8515cropped,Animal_1,Nose,H6,7013,7022
0,D3_8515cropped,Animal_1,Nose,H18,607,624
1,D3_8515cropped,Animal_1,Nose,H18,667,672
2,D3_8515cropped,Animal_1,Nose,H18,2530,2543
3,D3_8515cropped,Animal_1,Nose,H18,3483,3490
4,D3_8515cropped,Animal_1,Nose,H18,3555,3556
5,D3_8515cropped,Animal_1,Nose,H18,3565,3576
6,D3_8515cropped,Animal_1,Nose,H18,3837,3882
7,D3_8515cropped,Animal_1,Nose,H18,4445,4459
8,D3_8515cropped,Animal_1,Nose,H18,4990,5001
9,D3_8515cropped,Animal_1,Nose,H18,6125,6220
10,D3_8515cropped,Animal_1,Nose,H18,6853,6868
11,D3_8515cropped,Animal_1,Nose,H18,6870,6870
0,D3_8515cropped,Animal_1,Nose,H16,185,226
1,D3_8515cropped,Animal_1,Nose,H16,231,242
2,D3_8515cropped,Animal_1,Nose,H16,3171,3184
3,D3_8515cropped,Animal_1,Nose,H16,3357,3362
4,D3_8515cropped,Animal_1,Nose,H16,4488,4497
5,D3_8515cropped,Animal_1,Nose,H16,5030,5041
6,D3_8515cropped,Animal_1,Nose,H16,5765,5776
0,D3_8515cropped,Animal_1,Nose,H19,1460,1473
1,D3_8515cropped,Animal_1,Nose,H19,2554,2563
2,D3_8515cropped,Animal_1,Nose,H19,3801,3822
3,D3_8515cropped,Animal_1,Nose,H19,4374,4397
4,D3_8515cropped,Animal_1,Nose,H19,4836,4853
5,D3_8515cropped,Animal_1,Nose,H19,5260,5281
6,D3_8515cropped,Animal_1,Nose,H19,6017,6048
7,D3_8515cropped,Animal_1,Nose,H19,6663,6734
0,D3_8515cropped,Animal_1,Nose,H4,2883,2894
1,D3_8515cropped,Animal_1,Nose,H4,7079,7086
2,D3_8515cropped,Animal_1,Nose,H4,7466,7475
0,D3_8910cropped,Animal_1,Nose,H11,246,258
1,D3_8910cropped,Animal_1,Nose,H11,269,275
0,D3_8910cropped,Animal_1,Nose,H18,510,518
0,D3_8910cropped,Animal_1,Nose,H13,340,352
0,D3_8910cropped,Animal_1,Nose,H12,303,316
0,D3_8910cropped,Animal_1,Nose,H14,367,382
1,D3_8910cropped,Animal_1,Nose,H14,389,394
0,D3_8910cropped,Animal_1,Nose,H19,532,537
0,D3_8910cropped,Animal_1,Nose,H3,819,821
0,D3_8910cropped,Animal_1,Nose,H17,471,485
0,D3_8910cropped,Animal_1,Nose,H15,412,420
0,D3_8910cropped,Animal_1,Nose,H5,83,87
0,D3_8910cropped,Animal_1,Nose,H16,443,452
0,D3_8910cropped,Animal_1,Nose,H4,10,23
1,D3_8910cropped,Animal_1,Nose,H4,47,53
0,D3_8910cropped,Animal_1,Nose,H0,545,556
1,D3_8910cropped,Animal_1,Nose,H0,563,587
2,D3_8910cropped,Animal_1,Nose,H0,596,630
3,D3_8910cropped,Animal_1,Nose,H0,728,728
4,D3_8910cropped,Animal_1,Nose,H0,737,738
5,D3_8910cropped,Animal_1,Nose,H0,741,742
6,D3_8910cropped,Animal_1,Nose,H0,746,749
7,D3_8910cropped,Animal_1,Nose,H0,876,884
0,D3_8910cropped,Animal_1,Nose,H6,123,128
0,D3_8910cropped,Animal_1,Nose,H8,208,216
0,D3_8910cropped,Animal_1,Nose,H7,164,167
0,D3_8930cropped,Animal_1,Nose,H5,1280,1339
0,D3_8930cropped,Animal_1,Nose,H15,266,293
1,D3_8930cropped,Animal_1,Nose,H15,3860,3872
2,D3_8930cropped,Animal_1,Nose,H15,3882,3897
3,D3_8930cropped,Animal_1,Nose,H15,3904,3926
4,D3_8930cropped,Animal_1,Nose,H15,3987,3992
0,D3_8930cropped,Animal_1,Nose,H14,361,363
1,D3_8930cropped,Animal_1,Nose,H14,445,459
2,D3_8930cropped,Animal_1,Nose,H14,495,495
3,D3_8930cropped,Animal_1,Nose,H14,498,499
4,D3_8930cropped,Animal_1,Nose,H14,502,509
0,D3_8930cropped,Animal_1,Nose,H3,1053,1068
1,D3_8930cropped,Animal_1,Nose,H3,1084,1094
0,D3_8930cropped,Animal_1,Nose,H18,2078,2092
0,D3_8930cropped,Animal_1,Nose,H17,2497,2550
1,D3_8930cropped,Animal_1,Nose,H17,2815,2815
2,D3_8930cropped,Animal_1,Nose,H17,2818,2819
3,D3_8930cropped,Animal_1,Nose,H17,2821,2859
4,D3_8930cropped,Animal_1,Nose,H17,2868,2888
5,D3_8930cropped,Animal_1,Nose,H17,2922,2927
6,D3_8930cropped,Animal_1,Nose,H17,2929,2931
7,D3_8930cropped,Animal_1,Nose,H17,2939,2939
8,D3_8930cropped,Animal_1,Nose,H17,2998,3000
0,D3_8930cropped,Animal_1,Nose,H4,1197,1223
0,D3_8930cropped,Animal_1,Nose,H19,1851,1869
1,D3_8930cropped,Animal_1,Nose,H19,1877,1882
0,D3_8930cropped,Animal_1,Nose,H13,573,574
1,D3_8930cropped,Animal_1,Nose,H13,656,665
2,D3_8930cropped,Animal_1,Nose,H13,693,695
3,D3_8930cropped,Animal_1,Nose,H13,2202,2206
0,D3_8930cropped,Animal_1,Nose,H10,102,128
0,D3_8930cropped,Animal_1,Nose,H16,2652,2656
1,D3_8930cropped,Animal_1,Nose,H16,2726,2727
0,D3_8930cropped,Animal_1,Nose,H12,730,773
1,D3_8930cropped,Animal_1,Nose,H12,775,779
2,D3_8930cropped,Animal_1,Nose,H12,2348,2354
0,D4_3931cropped,Animal_1,Nose,H3,877,878
1,D4_3931cropped,Animal_1,Nose,H3,887,891
0,D4_3931cropped,Animal_1,Nose,H11,573,592
0,D4_3931cropped,Animal_1,Nose,H9,386,417
1,D4_3931cropped,Animal_1,Nose,H9,421,437
0,D4_3931cropped,Animal_1,Nose,H2,198,201
1,D4_3931cropped,Animal_1,Nose,H2,219,242
0,D4_3931cropped,Animal_1,Nose,H0,924,931
1,D4_3931cropped,Animal_1,Nose,H0,939,939
2,D4_3931cropped,Animal_1,Nose,H0,941,950
3,D4_3931cropped,Animal_1,Nose,H0,970,984
4,D4_3931cropped,Animal_1,Nose,H0,986,1032
5,D4_3931cropped,Animal_1,Nose,H0,1034,1035
6,D4_3931cropped,Animal_1,Nose,H0,1037,1059
7,D4_3931cropped,Animal_1,Nose,H0,1062,1064
8,D4_3931cropped,Animal_1,Nose,H0,1066,1071
9,D4_3931cropped,Animal_1,Nose,H0,1078,1099
0,D4_3931cropped,Animal_1,Nose,H1,131,154
0,D4_3931cropped,Animal_1,Nose,H13,656,665
1,D4_3931cropped,Animal_1,Nose,H13,690,690
2,D4_3931cropped,Animal_1,Nose,H13,694,718
3,D4_3931cropped,Animal_1,Nose,H13,731,734
0,D4_3931cropped,Animal_1,Nose,H10,447,468
0,D4_8515cropped,Animal_1,Nose,H11,194,202
1,D4_8515cropped,Animal_1,Nose,H11,702,708
2,D4_8515cropped,Animal_1,Nose,H11,1158,1165
3,D4_8515cropped,Animal_1,Nose,H11,1638,1642
4,D4_8515cropped,Animal_1,Nose,H11,2621,2622
5,D4_8515cropped,Animal_1,Nose,H11,3145,3149
0,D4_8515cropped,Animal_1,Nose,H5,633,640
1,D4_8515cropped,Animal_1,Nose,H5,1543,1548
0,D4_8515cropped,Animal_1,Nose,H14,324,331
1,D4_8515cropped,Animal_1,Nose,H14,766,770
2,D4_8515cropped,Animal_1,Nose,H14,2019,2024
3,D4_8515cropped,Animal_1,Nose,H14,2311,2317
4,D4_8515cropped,Animal_1,Nose,H14,3313,3318
5,D4_8515cropped,Animal_1,Nose,H14,4075,4077
0,D4_8515cropped,Animal_1,Nose,H18,410,416
1,D4_8515cropped,Animal_1,Nose,H18,877,881
2,D4_8515cropped,Animal_1,Nose,H18,1286,1290
3,D4_8515cropped,Animal_1,Nose,H18,1719,1725
4,D4_8515cropped,Animal_1,Nose,H18,1957,1962
5,D4_8515cropped,Animal_1,Nose,H18,2545,2550
6,D4_8515cropped,Animal_1,Nose,H18,2863,2868
7,D4_8515cropped,Animal_1,Nose,H18,3276,3281
8,D4_8515cropped,Animal_1,Nose,H18,3445,3481
9,D4_8515cropped,Animal_1,Nose,H18,4392,4398
0,D4_8515cropped,Animal_1,Nose,H17,381,385
1,D4_8515cropped,Animal_1,Nose,H17,838,841
2,D4_8515cropped,Animal_1,Nose,H17,1247,1250
3,D4_8515cropped,Animal_1,Nose,H17,1709,1714
4,D4_8515cropped,Animal_1,Nose,H17,1986,1997
5,D4_8515cropped,Animal_1,Nose,H17,2278,2284
6,D4_8515cropped,Animal_1,Nose,H17,2873,2880
7,D4_8515cropped,Animal_1,Nose,H17,3488,3488
0,D4_8515cropped,Animal_1,Nose,H9,33,47
1,D4_8515cropped,Animal_1,Nose,H9,72,78
2,D4_8515cropped,Animal_1,Nose,H9,101,107
3,D4_8515cropped,Animal_1,Nose,H9,685,685
4,D4_8515cropped,Animal_1,Nose,H9,1124,1142
5,D4_8515cropped,Animal_1,Nose,H9,1594,1600
6,D4_8515cropped,Animal_1,Nose,H9,2661,2663
7,D4_8515cropped,Animal_1,Nose,H9,3362,3365
8,D4_8515cropped,Animal_1,Nose,H9,4253,4267
0,D4_8515cropped,Animal_1,Nose,H4,1051,1054
1,D4_8515cropped,Animal_1,Nose,H4,1527,1533
2,D4_8515cropped,Animal_1,Nose,H4,2155,2161
3,D4_8515cropped,Animal_1,Nose,H4,3554,3563
0,D4_8515cropped,Animal_1,Nose,H2,576,580
1,D4_8515cropped,Animal_1,Nose,H2,1009,1009
2,D4_8515cropped,Animal_1,Nose,H2,1480,1485
3,D4_8515cropped,Animal_1,Nose,H2,1488,1488
4,D4_8515cropped,Animal_1,Nose,H2,1853,1853
5,D4_8515cropped,Animal_1,Nose,H2,1902,1908
6,D4_8515cropped,Animal_1,Nose,H2,2924,2930
7,D4_8515cropped,Animal_1,Nose,H2,3575,3575
8,D4_8515cropped,Animal_1,Nose,H2,3917,3919
0,D4_8515cropped,Animal_1,Nose,H15,799,803
1,D4_8515cropped,Animal_1,Nose,H15,1220,1220
2,D4_8515cropped,Animal_1,Nose,H15,1222,1224
3,D4_8515cropped,Animal_1,Nose,H15,2300,2306
4,D4_8515cropped,Animal_1,Nose,H15,3303,3305
5,D4_8515cropped,Animal_1,Nose,H15,4141,4147
0,D4_8515cropped,Animal_1,Nose,H3,593,598
1,D4_8515cropped,Animal_1,Nose,H3,1012,1023
2,D4_8515cropped,Animal_1,Nose,H3,1492,1496
3,D4_8515cropped,Animal_1,Nose,H3,1517,1521
4,D4_8515cropped,Animal_1,Nose,H3,1526,1526
5,D4_8515cropped,Animal_1,Nose,H3,2204,2209
6,D4_8515cropped,Animal_1,Nose,H3,3395,3417
7,D4_8515cropped,Animal_1,Nose,H3,3569,3570
0,D4_8515cropped,Animal_1,Nose,H16,368,373
1,D4_8515cropped,Animal_1,Nose,H16,378,380
2,D4_8515cropped,Animal_1,Nose,H16,808,809
3,D4_8515cropped,Animal_1,Nose,H16,829,830
4,D4_8515cropped,Animal_1,Nose,H16,834,836
5,D4_8515cropped,Animal_1,Nose,H16,1683,1687
6,D4_8515cropped,Animal_1,Nose,H16,2289,2295
7,D4_8515cropped,Animal_1,Nose,H16,3291,3297
0,D4_8515cropped,Animal_1,Nose,H8,658,663
1,D4_8515cropped,Animal_1,Nose,H8,1109,1115
2,D4_8515cropped,Animal_1,Nose,H8,1579,1585
3,D4_8515cropped,Animal_1,Nose,H8,2129,2134
4,D4_8515cropped,Animal_1,Nose,H8,2139,2140
5,D4_8515cropped,Animal_1,Nose,H8,3963,3963
0,D4_8515cropped,Animal_1,Nose,H1,1392,1393
1,D4_8515cropped,Animal_1,Nose,H1,1834,1835
2,D4_8515cropped,Animal_1,Nose,H1,1914,1919
3,D4_8515cropped,Animal_1,Nose,H1,2409,2415
4,D4_8515cropped,Animal_1,Nose,H1,2709,2717
5,D4_8515cropped,Animal_1,Nose,H1,3000,3008
6,D4_8515cropped,Animal_1,Nose,H1,3580,3594
7,D4_8515cropped,Animal_1,Nose,H1,3890,3892
8,D4_8515cropped,Animal_1,Nose,H1,3898,3899
9,D4_8515cropped,Animal_1,Nose,H1,4552,4553
0,D4_8515cropped,Animal_1,Nose,H13,223,231
1,D4_8515cropped,Animal_1,Nose,H13,741,746
2,D4_8515cropped,Animal_1,Nose,H13,1194,1203
3,D4_8515cropped,Animal_1,Nose,H13,2083,2088
4,D4_8515cropped,Animal_1,Nose,H13,2342,2346
5,D4_8515cropped,Animal_1,Nose,H13,2590,2591
6,D4_8515cropped,Animal_1,Nose,H13,2593,2598
7,D4_8515cropped,Animal_1,Nose,H13,3322,3325
0,D4_8515cropped,Animal_1,Nose,H6,1070,1072
1,D4_8515cropped,Animal_1,Nose,H6,1553,1558
0,D4_8515cropped,Animal_1,Nose,H12,208,217
1,D4_8515cropped,Animal_1,Nose,H12,731,735
2,D4_8515cropped,Animal_1,Nose,H12,1185,1189
3,D4_8515cropped,Animal_1,Nose,H12,3132,3136
4,D4_8515cropped,Animal_1,Nose,H12,3332,3337
5,D4_8515cropped,Animal_1,Nose,H12,4005,4006
6,D4_8515cropped,Animal_1,Nose,H12,4118,4123
7,D4_8515cropped,Animal_1,Nose,H12,4231,4232
0,D4_8515cropped,Animal_1,Nose,H10,159,171
1,D4_8515cropped,Animal_1,Nose,H10,691,698
2,D4_8515cropped,Animal_1,Nose,H10,1150,1152
3,D4_8515cropped,Animal_1,Nose,H10,1604,1611
4,D4_8515cropped,Animal_1,Nose,H10,3350,3354
5,D4_8515cropped,Animal_1,Nose,H10,3976,3977
6,D4_8515cropped,Animal_1,Nose,H10,4251,4251
0,D4_8515cropped,Animal_1,Nose,H7,1099,1104
1,D4_8515cropped,Animal_1,Nose,H7,1569,1574
0,D4_8515cropped,Animal_1,Nose,H0,448,512
1,D4_8515cropped,Animal_1,Nose,H0,514,519
2,D4_8515cropped,Animal_1,Nose,H0,916,934
3,D4_8515cropped,Animal_1,Nose,H0,1325,1381
4,D4_8515cropped,Animal_1,Nose,H0,1814,1814
5,D4_8515cropped,Animal_1,Nose,H0,1927,1933
6,D4_8515cropped,Animal_1,Nose,H0,1935,1936
7,D4_8515cropped,Animal_1,Nose,H0,2484,2486
8,D4_8515cropped,Animal_1,Nose,H0,2498,2498
9,D4_8515cropped,Animal_1,Nose,H0,2500,2500
10,D4_8515cropped,Animal_1,Nose,H0,2504,2504
11,D4_8515cropped,Animal_1,Nose,H0,2508,2513
12,D4_8515cropped,Animal_1,Nose,H0,2739,2767
13,D4_8515cropped,Animal_1,Nose,H0,3012,3027
14,D4_8515cropped,Animal_1,Nose,H0,3600,3657
15,D4_8515cropped,Animal_1,Nose,H0,3661,3667
16,D4_8515cropped,Animal_1,Nose,H0,3858,3872
17,D4_8515cropped,Animal_1,Nose,H0,4493,4493
18,D4_8515cropped,Animal_1,Nose,H0,4508,4517
19,D4_8515cropped,Animal_1,Nose,H0,4520,4521
0,D4_8515cropped,Animal_1,Nose,H19,887,891
1,D4_8515cropped,Animal_1,Nose,H19,1312,1319
2,D4_8515cropped,Animal_1,Nose,H19,2228,2237
3,D4_8515cropped,Animal_1,Nose,H19,2518,2537
4,D4_8515cropped,Animal_1,Nose,H19,2772,2799
5,D4_8515cropped,Animal_1,Nose,H19,2801,2801
6,D4_8515cropped,Animal_1,Nose,H19,3032,3058
7,D4_8515cropped,Animal_1,Nose,H19,3061,3061
8,D4_8515cropped,Animal_1,Nose,H19,3216,3233
9,D4_8515cropped,Animal_1,Nose,H19,3681,3731
10,D4_8515cropped,Animal_1,Nose,H19,3810,3819
11,D4_8515cropped,Animal_1,Nose,H19,4412,4417
0,D4_8910cropped,Animal_1,Nose,H19,55,65
1,D4_8910cropped,Animal_1,Nose,H19,74,79
0,D4_8910cropped,Animal_1,Nose,H0,89,142
1,D4_8910cropped,Animal_1,Nose,H0,147,153
2,D4_8910cropped,Animal_1,Nose,H0,157,157
0,D4_8930cropped,Animal_1,Nose,H18,3994,4044
1,D4_8930cropped,Animal_1,Nose,H18,4237,4248
2,D4_8930cropped,Animal_1,Nose,H18,4341,4349
0,D4_8930cropped,Animal_1,Nose,H17,667,679
0,D4_8930cropped,Animal_1,Nose,H5,2323,2324
0,D4_8930cropped,Animal_1,Nose,H0,763,777
1,D4_8930cropped,Animal_1,Nose,H0,793,867
2,D4_8930cropped,Animal_1,Nose,H0,877,879
3,D4_8930cropped,Animal_1,Nose,H0,1025,1043
4,D4_8930cropped,Animal_1,Nose,H0,1049,1073
5,D4_8930cropped,Animal_1,Nose,H0,1076,1077
6,D4_8930cropped,Animal_1,Nose,H0,1079,1079
7,D4_8930cropped,Animal_1,Nose,H0,1084,1088
8,D4_8930cropped,Animal_1,Nose,H0,1514,1519
9,D4_8930cropped,Animal_1,Nose,H0,1527,1545
10,D4_8930cropped,Animal_1,Nose,H0,1548,1576
11,D4_8930cropped,Animal_1,Nose,H0,3633,3644
12,D4_8930cropped,Animal_1,Nose,H0,3654,3726
0,D4_8930cropped,Animal_1,Nose,H9,365,391
1,D4_8930cropped,Animal_1,Nose,H9,394,394
2,D4_8930cropped,Animal_1,Nose,H9,492,498
0,D4_8930cropped,Animal_1,Nose,H3,2377,2382
1,D4_8930cropped,Animal_1,Nose,H3,2385,2396
0,D4_8930cropped,Animal_1,Nose,H4,2341,2367
1,D4_8930cropped,Animal_1,Nose,H4,2434,2450
0,D4_8930cropped,Animal_1,Nose,H7,2246,2254
1,D4_8930cropped,Animal_1,Nose,H7,2276,2292
2,D4_8930cropped,Animal_1,Nose,H7,3058,3066
0,D4_8930cropped,Animal_1,Nose,H10,193,214
1,D4_8930cropped,Animal_1,Nose,H10,251,261
2,D4_8930cropped,Animal_1,Nose,H10,430,432
3,D4_8930cropped,Animal_1,Nose,H10,2747,2757
4,D4_8930cropped,Animal_1,Nose,H10,2786,2788
5,D4_8930cropped,Animal_1,Nose,H10,2790,2790
6,D4_8930cropped,Animal_1,Nose,H10,2792,2794
0,D4_8930cropped,Animal_1,Nose,H15,3526,3526
1,D4_8930cropped,Animal_1,Nose,H15,3529,3531
2,D4_8930cropped,Animal_1,Nose,H15,3536,3542
3,D4_8930cropped,Animal_1,Nose,H15,3545,3551
0,D4_8930cropped,Animal_1,Nose,H6,2301,2313
0,D4_8930cropped,Animal_1,Nose,H19,722,751
1,D4_8930cropped,Animal_1,Nose,H19,1617,1642
2,D4_8930cropped,Animal_1,Nose,H19,1649,1663
3,D4_8930cropped,Animal_1,Nose,H19,3617,3624
4,D4_8930cropped,Animal_1,Nose,H19,4077,4077
5,D4_8930cropped,Animal_1,Nose,H19,4079,4080
0,D5_3931cropped,Animal_1,Nose,H11,3055,3071
1,D5_3931cropped,Animal_1,Nose,H11,3078,3082
2,D5_3931cropped,Animal_1,Nose,H11,3672,3692
0,D5_3931cropped,Animal_1,Nose,H5,2488,2507
1,D5_3931cropped,Animal_1,Nose,H5,2515,2535
0,D5_3931cropped,Animal_1,Nose,H1,1505,1506
1,D5_3931cropped,Animal_1,Nose,H1,1512,1514
2,D5_3931cropped,Animal_1,Nose,H1,1532,1533
3,D5_3931cropped,Animal_1,Nose,H1,1535,1541
4,D5_3931cropped,Animal_1,Nose,H1,1579,1585
5,D5_3931cropped,Animal_1,Nose,H1,1600,1601
6,D5_3931cropped,Animal_1,Nose,H1,1609,1619
7,D5_3931cropped,Animal_1,Nose,H1,1666,1669
8,D5_3931cropped,Animal_1,Nose,H1,1850,1860
9,D5_3931cropped,Animal_1,Nose,H1,1864,1869
10,D5_3931cropped,Animal_1,Nose,H1,1891,1902
11,D5_3931cropped,Animal_1,Nose,H1,1908,1910
12,D5_3931cropped,Animal_1,Nose,H1,1921,1957
13,D5_3931cropped,Animal_1,Nose,H1,2038,2043
14,D5_3931cropped,Animal_1,Nose,H1,2053,2071
15,D5_3931cropped,Animal_1,Nose,H1,2104,2104
16,D5_3931cropped,Animal_1,Nose,H1,2110,2117
17,D5_3931cropped,Animal_1,Nose,H1,3884,3892
18,D5_3931cropped,Animal_1,Nose,H1,3993,4011
19,D5_3931cropped,Animal_1,Nose,H1,4017,4035
20,D5_3931cropped,Animal_1,Nose,H1,4043,4073
0,D5_3931cropped,Animal_1,Nose,H17,3392,3403
0,D5_3931cropped,Animal_1,Nose,H19,3424,3436
1,D5_3931cropped,Animal_1,Nose,H19,3849,3849
2,D5_3931cropped,Animal_1,Nose,H19,3851,3864
3,D5_3931cropped,Animal_1,Nose,H19,3872,3872
0,D5_3931cropped,Animal_1,Nose,H3,354,376
1,D5_3931cropped,Animal_1,Nose,H3,396,400
2,D5_3931cropped,Animal_1,Nose,H3,403,404
3,D5_3931cropped,Animal_1,Nose,H3,870,875
4,D5_3931cropped,Animal_1,Nose,H3,2174,2178
5,D5_3931cropped,Animal_1,Nose,H3,2184,2203
6,D5_3931cropped,Animal_1,Nose,H3,2205,2205
7,D5_3931cropped,Animal_1,Nose,H3,2213,2214
8,D5_3931cropped,Animal_1,Nose,H3,2221,2221
9,D5_3931cropped,Animal_1,Nose,H3,2263,2271
10,D5_3931cropped,Animal_1,Nose,H3,2276,2296
11,D5_3931cropped,Animal_1,Nose,H3,2302,2303
12,D5_3931cropped,Animal_1,Nose,H3,2306,2307
13,D5_3931cropped,Animal_1,Nose,H3,2310,2313
14,D5_3931cropped,Animal_1,Nose,H3,2323,2328
15,D5_3931cropped,Animal_1,Nose,H3,2330,2332
16,D5_3931cropped,Animal_1,Nose,H3,2339,2340
17,D5_3931cropped,Animal_1,Nose,H3,2353,2353
18,D5_3931cropped,Animal_1,Nose,H3,2356,2363
0,D5_3931cropped,Animal_1,Nose,H4,444,457
0,D5_3931cropped,Animal_1,Nose,H18,3408,3414
1,D5_3931cropped,Animal_1,Nose,H18,3422,3423
2,D5_3931cropped,Animal_1,Nose,H18,3829,3836
0,D5_3931cropped,Animal_1,Nose,H9,2624,2637
1,D5_3931cropped,Animal_1,Nose,H9,2641,2656
0,D5_3931cropped,Animal_1,Nose,H2,506,529
1,D5_3931cropped,Animal_1,Nose,H2,630,633
2,D5_3931cropped,Animal_1,Nose,H2,638,638
3,D5_3931cropped,Animal_1,Nose,H2,651,662
4,D5_3931cropped,Animal_1,Nose,H2,673,674
5,D5_3931cropped,Animal_1,Nose,H2,680,697
6,D5_3931cropped,Animal_1,Nose,H2,722,735
7,D5_3931cropped,Animal_1,Nose,H2,757,757
8,D5_3931cropped,Animal_1,Nose,H2,760,765
9,D5_3931cropped,Animal_1,Nose,H2,767,779
10,D5_3931cropped,Animal_1,Nose,H2,787,811
11,D5_3931cropped,Animal_1,Nose,H2,839,844
0,D5_3931cropped,Animal_1,Nose,H12,3185,3210
1,D5_3931cropped,Animal_1,Nose,H12,3214,3215
2,D5_3931cropped,Animal_1,Nose,H12,3219,3220
3,D5_3931cropped,Animal_1,Nose,H12,3227,3245
0,D5_3931cropped,Animal_1,Nose,H13,2807,2826
1,D5_3931cropped,Animal_1,Nose,H13,3261,3285
2,D5_3931cropped,Animal_1,Nose,H13,4153,4169
0,D5_3931cropped,Animal_1,Nose,H0,1038,1054
1,D5_3931cropped,Animal_1,Nose,H0,1063,1150
2,D5_3931cropped,Animal_1,Nose,H0,1162,1236
3,D5_3931cropped,Animal_1,Nose,H0,1246,1282
4,D5_3931cropped,Animal_1,Nose,H0,1357,1374
5,D5_3931cropped,Animal_1,Nose,H0,1419,1445
6,D5_3931cropped,Animal_1,Nose,H0,1502,1502
7,D5_3931cropped,Animal_1,Nose,H0,4307,4339
8,D5_3931cropped,Animal_1,Nose,H0,4366,4368
9,D5_3931cropped,Animal_1,Nose,H0,4370,4430
10,D5_3931cropped,Animal_1,Nose,H0,4443,4463
11,D5_3931cropped,Animal_1,Nose,H0,4467,4467
12,D5_3931cropped,Animal_1,Nose,H0,4473,4473
0,D5_3931cropped,Animal_1,Nose,H14,2856,2883
1,D5_3931cropped,Animal_1,Nose,H14,2888,2902
2,D5_3931cropped,Animal_1,Nose,H14,3298,3323
3,D5_3931cropped,Animal_1,Nose,H14,4180,4189
0,D5_3931cropped,Animal_1,Nose,H16,2971,2971
1,D5_3931cropped,Animal_1,Nose,H16,2973,2980
2,D5_3931cropped,Animal_1,Nose,H16,2985,2987
3,D5_3931cropped,Animal_1,Nose,H16,2990,2992
0,D5_3931cropped,Animal_1,Nose,H7,2565,2571
0,D5_3931cropped,Animal_1,Nose,H15,3334,3347
1,D5_3931cropped,Animal_1,Nose,H15,3351,3352
0,D5_3931cropped,Animal_1,Nose,H6,90,126
1,D5_3931cropped,Animal_1,Nose,H6,131,137
2,D5_3931cropped,Animal_1,Nose,H6,163,165
3,D5_3931cropped,Animal_1,Nose,H6,209,235
4,D5_3931cropped,Animal_1,Nose,H6,261,271
5,D5_3931cropped,Animal_1,Nose,H6,275,287
6,D5_3931cropped,Animal_1,Nose,H6,296,299
7,D5_3931cropped,Animal_1,Nose,H6,307,308
0,D5_3931cropped,Animal_1,Nose,H10,2669,2724
0,D5_8515cropped,Animal_1,Nose,H4,1107,1124
1,D5_8515cropped,Animal_1,Nose,H4,2252,2275
2,D5_8515cropped,Animal_1,Nose,H4,2994,3013
3,D5_8515cropped,Animal_1,Nose,H4,3753,3760
4,D5_8515cropped,Animal_1,Nose,H4,4555,4572
5,D5_8515cropped,Animal_1,Nose,H4,5125,5140
6,D5_8515cropped,Animal_1,Nose,H4,5606,5665
7,D5_8515cropped,Animal_1,Nose,H4,8247,8250
8,D5_8515cropped,Animal_1,Nose,H4,8258,8260
9,D5_8515cropped,Animal_1,Nose,H4,8373,8386
0,D5_8515cropped,Animal_1,Nose,H18,1397,1410
1,D5_8515cropped,Animal_1,Nose,H18,1413,1414
2,D5_8515cropped,Animal_1,Nose,H18,2538,2559
3,D5_8515cropped,Animal_1,Nose,H18,3322,3337
4,D5_8515cropped,Animal_1,Nose,H18,4037,4048
5,D5_8515cropped,Animal_1,Nose,H18,4631,4644
6,D5_8515cropped,Animal_1,Nose,H18,7655,7688
7,D5_8515cropped,Animal_1,Nose,H18,7857,7862
8,D5_8515cropped,Animal_1,Nose,H18,7915,7926
9,D5_8515cropped,Animal_1,Nose,H18,7933,7938
10,D5_8515cropped,Animal_1,Nose,H18,8443,8458
11,D5_8515cropped,Animal_1,Nose,H18,9223,9243
0,D5_8515cropped,Animal_1,Nose,H17,1427,1430
1,D5_8515cropped,Animal_1,Nose,H17,1435,1448
2,D5_8515cropped,Animal_1,Nose,H17,2656,2671
3,D5_8515cropped,Animal_1,Nose,H17,3346,3357
4,D5_8515cropped,Animal_1,Nose,H17,4067,4068
5,D5_8515cropped,Animal_1,Nose,H17,4749,4771
6,D5_8515cropped,Animal_1,Nose,H17,8467,8468
7,D5_8515cropped,Animal_1,Nose,H17,8471,8490
0,D5_8515cropped,Animal_1,Nose,H9,2116,2131
1,D5_8515cropped,Animal_1,Nose,H9,4353,4372
2,D5_8515cropped,Animal_1,Nose,H9,7557,7568
3,D5_8515cropped,Animal_1,Nose,H9,9426,9437
0,D5_8515cropped,Animal_1,Nose,H14,285,310
1,D5_8515cropped,Animal_1,Nose,H14,809,816
2,D5_8515cropped,Animal_1,Nose,H14,1936,1937
3,D5_8515cropped,Animal_1,Nose,H14,2714,2727
4,D5_8515cropped,Animal_1,Nose,H14,3560,3566
5,D5_8515cropped,Animal_1,Nose,H14,5341,5356
6,D5_8515cropped,Animal_1,Nose,H14,6086,6095
7,D5_8515cropped,Animal_1,Nose,H14,8559,8570
8,D5_8515cropped,Animal_1,Nose,H14,9310,9319
0,D5_8515cropped,Animal_1,Nose,H3,1135,1164
1,D5_8515cropped,Animal_1,Nose,H3,2286,2307
2,D5_8515cropped,Animal_1,Nose,H3,2414,2427
3,D5_8515cropped,Animal_1,Nose,H3,3024,3047
4,D5_8515cropped,Animal_1,Nose,H3,3787,3806
5,D5_8515cropped,Animal_1,Nose,H3,5151,5166
6,D5_8515cropped,Animal_1,Nose,H3,5828,5841
7,D5_8515cropped,Animal_1,Nose,H3,6970,6993
8,D5_8515cropped,Animal_1,Nose,H3,8789,8802
0,D5_8515cropped,Animal_1,Nose,H1,1247,1270
1,D5_8515cropped,Animal_1,Nose,H1,1776,1795
2,D5_8515cropped,Animal_1,Nose,H1,3202,3225
3,D5_8515cropped,Animal_1,Nose,H1,3865,3868
4,D5_8515cropped,Animal_1,Nose,H1,7028,7059
5,D5_8515cropped,Animal_1,Nose,H1,8109,8110
6,D5_8515cropped,Animal_1,Nose,H1,8841,8862
0,D5_8515cropped,Animal_1,Nose,H5,1065,1096
1,D5_8515cropped,Animal_1,Nose,H5,2222,2239
2,D5_8515cropped,Animal_1,Nose,H5,2916,2931
3,D5_8515cropped,Animal_1,Nose,H5,3715,3734
4,D5_8515cropped,Animal_1,Nose,H5,4463,4482
5,D5_8515cropped,Animal_1,Nose,H5,5103,5116
6,D5_8515cropped,Animal_1,Nose,H5,5566,5567
7,D5_8515cropped,Animal_1,Nose,H5,5590,5591
0,D5_8515cropped,Animal_1,Nose,H16,1509,1528
1,D5_8515cropped,Animal_1,Nose,H16,1856,1891
2,D5_8515cropped,Animal_1,Nose,H16,7202,7221
3,D5_8515cropped,Animal_1,Nose,H16,8501,8516
0,D5_8515cropped,Animal_1,Nose,H2,1217,1234
1,D5_8515cropped,Animal_1,Nose,H2,1726,1739
2,D5_8515cropped,Animal_1,Nose,H2,5263,5278
3,D5_8515cropped,Animal_1,Nose,H2,7004,7019
4,D5_8515cropped,Animal_1,Nose,H2,8201,8204
5,D5_8515cropped,Animal_1,Nose,H2,8819,8832
0,D5_8515cropped,Animal_1,Nose,H6,2194,2213
1,D5_8515cropped,Animal_1,Nose,H6,2892,2905
2,D5_8515cropped,Animal_1,Nose,H6,2907,2907
3,D5_8515cropped,Animal_1,Nose,H6,3689,3702
4,D5_8515cropped,Animal_1,Nose,H6,5077,5086
5,D5_8515cropped,Animal_1,Nose,H6,5091,5094
6,D5_8515cropped,Animal_1,Nose,H6,5099,5102
7,D5_8515cropped,Animal_1,Nose,H6,5518,5521
0,D5_8515cropped,Animal_1,Nose,H0,1287,1304
1,D5_8515cropped,Animal_1,Nose,H0,1325,1325
2,D5_8515cropped,Animal_1,Nose,H0,1327,1364
3,D5_8515cropped,Animal_1,Nose,H0,2464,2493
4,D5_8515cropped,Animal_1,Nose,H0,3236,3285
5,D5_8515cropped,Animal_1,Nose,H0,3879,3914
6,D5_8515cropped,Animal_1,Nose,H0,7068,7097
7,D5_8515cropped,Animal_1,Nose,H0,7114,7115
8,D5_8515cropped,Animal_1,Nose,H0,7977,7982
9,D5_8515cropped,Animal_1,Nose,H0,8873,8950
10,D5_8515cropped,Animal_1,Nose,H0,8952,8952
0,D5_8515cropped,Animal_1,Nose,H13,835,860
1,D5_8515cropped,Animal_1,Nose,H13,953,954
2,D5_8515cropped,Animal_1,Nose,H13,2006,2021
3,D5_8515cropped,Animal_1,Nose,H13,4183,4186
4,D5_8515cropped,Animal_1,Nose,H13,4190,4196
5,D5_8515cropped,Animal_1,Nose,H13,5403,5404
6,D5_8515cropped,Animal_1,Nose,H13,9330,9341
0,D5_8515cropped,Animal_1,Nose,H10,405,440
1,D5_8515cropped,Animal_1,Nose,H10,491,510
2,D5_8515cropped,Animal_1,Nose,H10,513,536
3,D5_8515cropped,Animal_1,Nose,H10,2088,2105
4,D5_8515cropped,Animal_1,Nose,H10,2814,2819
5,D5_8515cropped,Animal_1,Nose,H10,3627,3644
6,D5_8515cropped,Animal_1,Nose,H10,4349,4350
7,D5_8515cropped,Animal_1,Nose,H10,9404,9415
0,D5_8515cropped,Animal_1,Nose,H19,1375,1386
1,D5_8515cropped,Animal_1,Nose,H19,2513,2531
2,D5_8515cropped,Animal_1,Nose,H19,3927,3945
3,D5_8515cropped,Animal_1,Nose,H19,3947,3972
4,D5_8515cropped,Animal_1,Nose,H19,7939,7954
5,D5_8515cropped,Animal_1,Nose,H19,8981,9036
0,D5_8515cropped,Animal_1,Nose,H11,2056,2073
1,D5_8515cropped,Animal_1,Nose,H11,3603,3616
2,D5_8515cropped,Animal_1,Nose,H11,6190,6201
3,D5_8515cropped,Animal_1,Nose,H11,6210,6210
4,D5_8515cropped,Animal_1,Nose,H11,6428,6453
5,D5_8515cropped,Animal_1,Nose,H11,8615,8632
6,D5_8515cropped,Animal_1,Nose,H11,8637,8646
7,D5_8515cropped,Animal_1,Nose,H11,8709,8710
8,D5_8515cropped,Animal_1,Nose,H11,9380,9389
0,D5_8515cropped,Animal_1,Nose,H15,159,214
1,D5_8515cropped,Animal_1,Nose,H15,741,772
2,D5_8515cropped,Animal_1,Nose,H15,1908,1921
3,D5_8515cropped,Animal_1,Nose,H15,4149,4158
4,D5_8515cropped,Animal_1,Nose,H15,4801,4808
5,D5_8515cropped,Animal_1,Nose,H15,4813,4814
6,D5_8515cropped,Animal_1,Nose,H15,5898,5909
7,D5_8515cropped,Animal_1,Nose,H15,7365,7384
8,D5_8515cropped,Animal_1,Nose,H15,8532,8540
9,D5_8515cropped,Animal_1,Nose,H15,9282,9287
10,D5_8515cropped,Animal_1,Nose,H15,9295,9301
0,D5_8515cropped,Animal_1,Nose,H7,2166,2183
0,D5_8515cropped,Animal_1,Nose,H8,2142,2157
1,D5_8515cropped,Animal_1,Nose,H8,4419,4430
2,D5_8515cropped,Animal_1,Nose,H8,4435,4438
3,D5_8515cropped,Animal_1,Nose,H8,6896,6919
4,D5_8515cropped,Animal_1,Nose,H8,9448,9449
0,D5_8515cropped,Animal_1,Nose,H12,347,374
1,D5_8515cropped,Animal_1,Nose,H12,957,978
2,D5_8515cropped,Animal_1,Nose,H12,4247,4258
3,D5_8515cropped,Animal_1,Nose,H12,4925,4934
4,D5_8515cropped,Animal_1,Nose,H12,8593,8602
5,D5_8515cropped,Animal_1,Nose,H12,9354,9365
0,D5_8910cropped,Animal_1,Nose,H1,1514,1523
1,D5_8910cropped,Animal_1,Nose,H1,1568,1574
0,D5_8910cropped,Animal_1,Nose,H18,1597,1606
1,D5_8910cropped,Animal_1,Nose,H18,1629,1648
2,D5_8910cropped,Animal_1,Nose,H18,1660,1668
3,D5_8910cropped,Animal_1,Nose,H18,1698,1704
0,D5_8910cropped,Animal_1,Nose,H14,747,766
1,D5_8910cropped,Animal_1,Nose,H14,797,802
2,D5_8910cropped,Animal_1,Nose,H14,1197,1202
3,D5_8910cropped,Animal_1,Nose,H14,1213,1216
4,D5_8910cropped,Animal_1,Nose,H14,2062,2072
5,D5_8910cropped,Animal_1,Nose,H14,2077,2109
6,D5_8910cropped,Animal_1,Nose,H14,2112,2119
0,D5_8910cropped,Animal_1,Nose,H9,1283,1289
1,D5_8910cropped,Animal_1,Nose,H9,1859,1868
2,D5_8910cropped,Animal_1,Nose,H9,1961,1968
0,D5_8910cropped,Animal_1,Nose,H4,504,520
1,D5_8910cropped,Animal_1,Nose,H4,525,540
2,D5_8910cropped,Animal_1,Nose,H4,1026,1026
3,D5_8910cropped,Animal_1,Nose,H4,1436,1436
4,D5_8910cropped,Animal_1,Nose,H4,1438,1439
5,D5_8910cropped,Animal_1,Nose,H4,1460,1471
0,D5_8910cropped,Animal_1,Nose,H2,1492,1502
0,D5_8910cropped,Animal_1,Nose,H5,1039,1048
1,D5_8910cropped,Animal_1,Nose,H5,1418,1426
0,D5_8910cropped,Animal_1,Nose,H3,958,968
1,D5_8910cropped,Animal_1,Nose,H3,1477,1486
0,D5_8910cropped,Animal_1,Nose,H0,2165,2185
1,D5_8910cropped,Animal_1,Nose,H0,2189,2214
2,D5_8910cropped,Animal_1,Nose,H0,2222,2232
3,D5_8910cropped,Animal_1,Nose,H0,2237,2273
4,D5_8910cropped,Animal_1,Nose,H0,2281,2298
5,D5_8910cropped,Animal_1,Nose,H0,2318,2351
6,D5_8910cropped,Animal_1,Nose,H0,2360,2367
7,D5_8910cropped,Animal_1,Nose,H0,2380,2380
0,D5_8910cropped,Animal_1,Nose,H11,111,117
1,D5_8910cropped,Animal_1,Nose,H11,131,132
2,D5_8910cropped,Animal_1,Nose,H11,161,164
3,D5_8910cropped,Animal_1,Nose,H11,188,191
4,D5_8910cropped,Animal_1,Nose,H11,193,194
5,D5_8910cropped,Animal_1,Nose,H11,277,278
6,D5_8910cropped,Animal_1,Nose,H11,1767,1772
7,D5_8910cropped,Animal_1,Nose,H11,1795,1798
8,D5_8910cropped,Animal_1,Nose,H11,2018,2026
0,D5_8910cropped,Animal_1,Nose,H8,374,380
1,D5_8910cropped,Animal_1,Nose,H8,390,405
2,D5_8910cropped,Animal_1,Nose,H8,1307,1311
3,D5_8910cropped,Animal_1,Nose,H8,1315,1323
4,D5_8910cropped,Animal_1,Nose,H8,1875,1890
5,D5_8910cropped,Animal_1,Nose,H8,1906,1907
0,D5_8910cropped,Animal_1,Nose,H16,694,704
0,D5_8910cropped,Animal_1,Nose,H13,815,821
1,D5_8910cropped,Animal_1,Nose,H13,823,824
2,D5_8910cropped,Animal_1,Nose,H13,2048,2057
0,D5_8910cropped,Animal_1,Nose,H6,1058,1064
1,D5_8910cropped,Animal_1,Nose,H6,1100,1107
2,D5_8910cropped,Animal_1,Nose,H6,1111,1113
3,D5_8910cropped,Animal_1,Nose,H6,1400,1412
0,D5_8910cropped,Animal_1,Nose,H12,37,99
1,D5_8910cropped,Animal_1,Nose,H12,101,102
2,D5_8910cropped,Animal_1,Nose,H12,853,853
3,D5_8910cropped,Animal_1,Nose,H12,872,874
4,D5_8910cropped,Animal_1,Nose,H12,2033,2042
0,D5_8910cropped,Animal_1,Nose,H10,281,285
1,D5_8910cropped,Animal_1,Nose,H10,302,306
2,D5_8910cropped,Animal_1,Nose,H10,1840,1841
3,D5_8910cropped,Animal_1,Nose,H10,1847,1851
4,D5_8910cropped,Animal_1,Nose,H10,1857,1858
5,D5_8910cropped,Animal_1,Nose,H10,1977,1983
0,D5_8910cropped,Animal_1,Nose,H15,712,718
1,D5_8910cropped,Animal_1,Nose,H15,731,735
2,D5_8910cropped,Animal_1,Nose,H15,746,746
0,D5_8910cropped,Animal_1,Nose,H7,1331,1341
0,D5_8910cropped,Animal_1,Nose,H17,600,626
1,D5_8910cropped,Animal_1,Nose,H17,657,663
0,D5_8930cropped,Animal_1,Nose,H9,1157,1174
1,D5_8930cropped,Animal_1,Nose,H9,1800,1832
0,D5_8930cropped,Animal_1,Nose,H3,2642,2658
1,D5_8930cropped,Animal_1,Nose,H3,2932,2948
2,D5_8930cropped,Animal_1,Nose,H3,3448,3453
0,D5_8930cropped,Animal_1,Nose,H6,3002,3003
1,D5_8930cropped,Animal_1,Nose,H6,3005,3005
2,D5_8930cropped,Animal_1,Nose,H6,3007,3007
3,D5_8930cropped,Animal_1,Nose,H6,3361,3368
4,D5_8930cropped,Animal_1,Nose,H6,3487,3491
5,D5_8930cropped,Animal_1,Nose,H6,3856,3856
6,D5_8930cropped,Animal_1,Nose,H6,3858,3862
7,D5_8930cropped,Animal_1,Nose,H6,4428,4448
0,D5_8930cropped,Animal_1,Nose,H5,4326,4356
0,D5_8930cropped,Animal_1,Nose,H4,2955,2963
0,D5_8930cropped,Animal_1,Nose,H2,2696,2713
1,D5_8930cropped,Animal_1,Nose,H2,3416,3418
2,D5_8930cropped,Animal_1,Nose,H2,3427,3433
0,D5_8930cropped,Animal_1,Nose,H1,2137,2203
1,D5_8930cropped,Animal_1,Nose,H1,4184,4206
2,D5_8930cropped,Animal_1,Nose,H1,4212,4214
3,D5_8930cropped,Animal_1,Nose,H1,4238,4239
4,D5_8930cropped,Animal_1,Nose,H1,4638,4655
5,D5_8930cropped,Animal_1,Nose,H1,4659,4660
6,D5_8930cropped,Animal_1,Nose,H1,4663,4663
7,D5_8930cropped,Animal_1,Nose,H1,4680,4686
8,D5_8930cropped,Animal_1,Nose,H1,4688,4688
9,D5_8930cropped,Animal_1,Nose,H1,4690,4693
10,D5_8930cropped,Animal_1,Nose,H1,4698,4700
11,D5_8930cropped,Animal_1,Nose,H1,4707,4710
0,D5_8930cropped,Animal_1,Nose,H0,2216,2219
1,D5_8930cropped,Animal_1,Nose,H0,2222,2262
2,D5_8930cropped,Animal_1,Nose,H0,2285,2351
3,D5_8930cropped,Animal_1,Nose,H0,2353,2355
0,D5_8930cropped,Animal_1,Nose,H16,813,829
1,D5_8930cropped,Animal_1,Nose,H16,2841,2855
2,D5_8930cropped,Animal_1,Nose,H16,2860,2860
0,D5_8930cropped,Animal_1,Nose,H7,1678,1683
1,D5_8930cropped,Animal_1,Nose,H7,3841,3845
2,D5_8930cropped,Animal_1,Nose,H7,3873,3895
0,D5_8930cropped,Animal_1,Nose,H13,1524,1529
1,D5_8930cropped,Animal_1,Nose,H13,3631,3631
2,D5_8930cropped,Animal_1,Nose,H13,4076,4119
0,D5_8930cropped,Animal_1,Nose,H11,1287,1301
1,D5_8930cropped,Animal_1,Nose,H11,2521,2528
0,D5_8930cropped,Animal_1,Nose,H8,1096,1112
1,D5_8930cropped,Animal_1,Nose,H8,1852,1884
2,D5_8930cropped,Animal_1,Nose,H8,1891,1892
0,D5_8930cropped,Animal_1,Nose,H19,3742,3775
1,D5_8930cropped,Animal_1,Nose,H19,3780,3780
0,D5_8930cropped,Animal_1,Nose,H12,1414,1444
1,D5_8930cropped,Animal_1,Nose,H12,2468,2475
2,D5_8930cropped,Animal_1,Nose,H12,2497,2499
3,D5_8930cropped,Animal_1,Nose,H12,3597,3610
0,D5_8930cropped,Animal_1,Nose,H10,3563,3567
0,D5_8930cropped,Animal_1,Nose,H15,586,635
1,D5_8930cropped,Animal_1,Nose,H15,642,705
2,D5_8930cropped,Animal_1,Nose,H15,764,770
3,D5_8930cropped,Animal_1,Nose,H15,773,783
0,D7_3931cropped,Animal_1,Nose,H18,937,973
1,D7_3931cropped,Animal_1,Nose,H18,982,1017
2,D7_3931cropped,Animal_1,Nose,H18,1148,1211
3,D7_3931cropped,Animal_1,Nose,H18,1216,1254
4,D7_3931cropped,Animal_1,Nose,H18,1277,1624
5,D7_3931cropped,Animal_1,Nose,H18,1666,1677
6,D7_3931cropped,Animal_1,Nose,H18,1679,1680
7,D7_3931cropped,Animal_1,Nose,H18,1682,1695
8,D7_3931cropped,Animal_1,Nose,H18,2206,2226
9,D7_3931cropped,Animal_1,Nose,H18,2229,2229
10,D7_3931cropped,Animal_1,Nose,H18,2233,2236
11,D7_3931cropped,Animal_1,Nose,H18,2244,2251
12,D7_3931cropped,Animal_1,Nose,H18,2253,2261
0,D7_3931cropped,Animal_1,Nose,H1,784,805
1,D7_3931cropped,Animal_1,Nose,H1,876,887
0,D7_3931cropped,Animal_1,Nose,H4,137,137
1,D7_3931cropped,Animal_1,Nose,H4,141,175
2,D7_3931cropped,Animal_1,Nose,H4,195,239
3,D7_3931cropped,Animal_1,Nose,H4,298,322
4,D7_3931cropped,Animal_1,Nose,H4,324,326
5,D7_3931cropped,Animal_1,Nose,H4,400,401
6,D7_3931cropped,Animal_1,Nose,H4,404,413
7,D7_3931cropped,Animal_1,Nose,H4,415,416
8,D7_3931cropped,Animal_1,Nose,H4,421,427
9,D7_3931cropped,Animal_1,Nose,H4,434,436
10,D7_3931cropped,Animal_1,Nose,H4,438,440
11,D7_3931cropped,Animal_1,Nose,H4,479,495
12,D7_3931cropped,Animal_1,Nose,H4,512,516
13,D7_3931cropped,Animal_1,Nose,H4,529,529
14,D7_3931cropped,Animal_1,Nose,H4,531,533
15,D7_3931cropped,Animal_1,Nose,H4,537,538
16,D7_3931cropped,Animal_1,Nose,H4,543,549
17,D7_3931cropped,Animal_1,Nose,H4,555,556
18,D7_3931cropped,Animal_1,Nose,H4,576,583
19,D7_3931cropped,Animal_1,Nose,H4,591,592
20,D7_3931cropped,Animal_1,Nose,H4,597,613
21,D7_3931cropped,Animal_1,Nose,H4,633,637
0,D7_3931cropped,Animal_1,Nose,H0,2442,2450
1,D7_3931cropped,Animal_1,Nose,H0,2452,2519
2,D7_3931cropped,Animal_1,Nose,H0,2529,2553
0,D7_3931cropped,Animal_1,Nose,H3,2554,2554
0,D7_3931cropped,Animal_1,Nose,H19,2292,2334
0,D7_3931cropped,Animal_1,Nose,H17,1757,1764
1,D7_3931cropped,Animal_1,Nose,H17,1789,1815
2,D7_3931cropped,Animal_1,Nose,H17,1818,1828
3,D7_3931cropped,Animal_1,Nose,H17,1830,1834
4,D7_3931cropped,Animal_1,Nose,H17,1836,1836
0,D7_3931cropped,Animal_1,Nose,H16,2145,2150
0,D7_3931cropped,Animal_1,Nose,H15,2088,2096
0,D7_3931cropped,Animal_1,Nose,H12,1889,1969
1,D7_3931cropped,Animal_1,Nose,H12,1992,2004
0,D7_8515cropped,Animal_1,Nose,H4,334,341
1,D7_8515cropped,Animal_1,Nose,H4,824,830
2,D7_8515cropped,Animal_1,Nose,H4,854,862
3,D7_8515cropped,Animal_1,Nose,H4,1088,1093
4,D7_8515cropped,Animal_1,Nose,H4,1122,1127
5,D7_8515cropped,Animal_1,Nose,H4,2338,2341
6,D7_8515cropped,Animal_1,Nose,H4,4447,4447
7,D7_8515cropped,Animal_1,Nose,H4,4449,4454
0,D7_8515cropped,Animal_1,Nose,H7,276,284
1,D7_8515cropped,Animal_1,Nose,H7,293,293
2,D7_8515cropped,Animal_1,Nose,H7,768,774
3,D7_8515cropped,Animal_1,Nose,H7,2444,2448
4,D7_8515cropped,Animal_1,Nose,H7,3197,3198
5,D7_8515cropped,Animal_1,Nose,H7,3712,3719
6,D7_8515cropped,Animal_1,Nose,H7,3723,3726
0,D7_8515cropped,Animal_1,Nose,H9,242,250
1,D7_8515cropped,Animal_1,Nose,H9,1006,1007
2,D7_8515cropped,Animal_1,Nose,H9,1011,1017
3,D7_8515cropped,Animal_1,Nose,H9,3687,3691
0,D7_8515cropped,Animal_1,Nose,H3,390,401
1,D7_8515cropped,Animal_1,Nose,H3,1135,1136
2,D7_8515cropped,Animal_1,Nose,H3,2303,2308
3,D7_8515cropped,Animal_1,Nose,H3,3790,3794
4,D7_8515cropped,Animal_1,Nose,H3,4497,4504
0,D7_8515cropped,Animal_1,Nose,H0,65,78
1,D7_8515cropped,Animal_1,Nose,H0,80,80
2,D7_8515cropped,Animal_1,Nose,H0,440,453
3,D7_8515cropped,Animal_1,Nose,H0,1190,1203
4,D7_8515cropped,Animal_1,Nose,H0,1210,1213
5,D7_8515cropped,Animal_1,Nose,H0,1602,1690
6,D7_8515cropped,Animal_1,Nose,H0,2096,2112
7,D7_8515cropped,Animal_1,Nose,H0,2149,2159
8,D7_8515cropped,Animal_1,Nose,H0,2830,2861
9,D7_8515cropped,Animal_1,Nose,H0,2913,2956
10,D7_8515cropped,Animal_1,Nose,H0,3017,3025
11,D7_8515cropped,Animal_1,Nose,H0,3027,3028
12,D7_8515cropped,Animal_1,Nose,H0,3868,3946
0,D7_8515cropped,Animal_1,Nose,H16,523,538
1,D7_8515cropped,Animal_1,Nose,H16,554,572
2,D7_8515cropped,Animal_1,Nose,H16,629,636
3,D7_8515cropped,Animal_1,Nose,H16,1349,1355
4,D7_8515cropped,Animal_1,Nose,H16,1393,1401
5,D7_8515cropped,Animal_1,Nose,H16,1800,1806
6,D7_8515cropped,Animal_1,Nose,H16,1890,1894
7,D7_8515cropped,Animal_1,Nose,H16,2594,2599
8,D7_8515cropped,Animal_1,Nose,H16,4145,4146
9,D7_8515cropped,Animal_1,Nose,H16,4150,4163
0,D7_8515cropped,Animal_1,Nose,H2,408,420
1,D7_8515cropped,Animal_1,Nose,H2,1142,1143
2,D7_8515cropped,Animal_1,Nose,H2,2264,2268
3,D7_8515cropped,Animal_1,Nose,H2,2301,2301
4,D7_8515cropped,Animal_1,Nose,H2,3828,3849
5,D7_8515cropped,Animal_1,Nose,H2,4508,4514
0,D7_8515cropped,Animal_1,Nose,H18,491,501
1,D7_8515cropped,Animal_1,Nose,H18,1227,1233
2,D7_8515cropped,Animal_1,Nose,H18,1717,1723
3,D7_8515cropped,Animal_1,Nose,H18,2724,2747
4,D7_8515cropped,Animal_1,Nose,H18,3580,3586
5,D7_8515cropped,Animal_1,Nose,H18,3967,3967
6,D7_8515cropped,Animal_1,Nose,H18,4624,4635
0,D7_8515cropped,Animal_1,Nose,H1,40,55
1,D7_8515cropped,Animal_1,Nose,H1,427,434
2,D7_8515cropped,Animal_1,Nose,H1,1148,1154
3,D7_8515cropped,Animal_1,Nose,H1,2206,2208
4,D7_8515cropped,Animal_1,Nose,H1,2260,2261
5,D7_8515cropped,Animal_1,Nose,H1,3111,3115
6,D7_8515cropped,Animal_1,Nose,H1,3122,3122
7,D7_8515cropped,Animal_1,Nose,H1,3856,3862
0,D7_8515cropped,Animal_1,Nose,H5,314,324
1,D7_8515cropped,Animal_1,Nose,H5,801,806
2,D7_8515cropped,Animal_1,Nose,H5,810,817
3,D7_8515cropped,Animal_1,Nose,H5,1072,1072
4,D7_8515cropped,Animal_1,Nose,H5,1076,1083
5,D7_8515cropped,Animal_1,Nose,H5,4433,4439
0,D7_8515cropped,Animal_1,Nose,H13,163,173
1,D7_8515cropped,Animal_1,Nose,H13,668,674
2,D7_8515cropped,Animal_1,Nose,H13,1445,1454
3,D7_8515cropped,Animal_1,Nose,H13,1484,1484
4,D7_8515cropped,Animal_1,Nose,H13,3384,3391
5,D7_8515cropped,Animal_1,Nose,H13,3627,3632
6,D7_8515cropped,Animal_1,Nose,H13,4309,4311
7,D7_8515cropped,Animal_1,Nose,H13,4314,4314
0,D7_8515cropped,Animal_1,Nose,H15,126,128
1,D7_8515cropped,Animal_1,Nose,H15,936,939
2,D7_8515cropped,Animal_1,Nose,H15,967,970
3,D7_8515cropped,Animal_1,Nose,H15,1418,1418
4,D7_8515cropped,Animal_1,Nose,H15,1811,1815
5,D7_8515cropped,Animal_1,Nose,H15,1852,1854
6,D7_8515cropped,Animal_1,Nose,H15,1863,1868
7,D7_8515cropped,Animal_1,Nose,H15,1884,1885
8,D7_8515cropped,Animal_1,Nose,H15,2551,2553
9,D7_8515cropped,Animal_1,Nose,H15,4211,4215
10,D7_8515cropped,Animal_1,Nose,H15,4217,4236
11,D7_8515cropped,Animal_1,Nose,H15,4284,4288
0,D7_8515cropped,Animal_1,Nose,H12,186,192
1,D7_8515cropped,Animal_1,Nose,H12,683,688
2,D7_8515cropped,Animal_1,Nose,H12,3351,3357
3,D7_8515cropped,Animal_1,Nose,H12,3651,3655
0,D7_8515cropped,Animal_1,Nose,H8,259,270
1,D7_8515cropped,Animal_1,Nose,H8,1026,1032
2,D7_8515cropped,Animal_1,Nose,H8,3698,3705
0,D7_8515cropped,Animal_1,Nose,H6,296,304
1,D7_8515cropped,Animal_1,Nose,H6,784,791
2,D7_8515cropped,Animal_1,Nose,H6,1061,1066
3,D7_8515cropped,Animal_1,Nose,H6,1070,1070
4,D7_8515cropped,Animal_1,Nose,H6,2408,2414
5,D7_8515cropped,Animal_1,Nose,H6,3767,3774
0,D7_8515cropped,Animal_1,Nose,H17,507,516
1,D7_8515cropped,Animal_1,Nose,H17,1750,1757
2,D7_8515cropped,Animal_1,Nose,H17,2000,2004
3,D7_8515cropped,Animal_1,Nose,H17,2663,2664
4,D7_8515cropped,Animal_1,Nose,H17,2693,2701
5,D7_8515cropped,Animal_1,Nose,H17,2706,2718
6,D7_8515cropped,Animal_1,Nose,H17,3973,3999
0,D7_8515cropped,Animal_1,Nose,H19,475,482
1,D7_8515cropped,Animal_1,Nose,H19,1709,1712
2,D7_8515cropped,Animal_1,Nose,H19,2800,2802
3,D7_8515cropped,Animal_1,Nose,H19,4615,4619
0,D7_8515cropped,Animal_1,Nose,H11,202,207
1,D7_8515cropped,Animal_1,Nose,H11,697,702
2,D7_8515cropped,Animal_1,Nose,H11,3319,3321
3,D7_8515cropped,Animal_1,Nose,H11,3663,3667
4,D7_8515cropped,Animal_1,Nose,H11,4358,4359
5,D7_8515cropped,Animal_1,Nose,H11,4364,4368
0,D7_8515cropped,Animal_1,Nose,H14,141,151
1,D7_8515cropped,Animal_1,Nose,H14,655,659
2,D7_8515cropped,Animal_1,Nose,H14,1423,1437
3,D7_8515cropped,Animal_1,Nose,H14,3395,3397
4,D7_8515cropped,Animal_1,Nose,H14,3614,3618
0,D7_8515cropped,Animal_1,Nose,H10,222,231
1,D7_8515cropped,Animal_1,Nose,H10,240,240
2,D7_8515cropped,Animal_1,Nose,H10,740,747
3,D7_8515cropped,Animal_1,Nose,H10,2483,2484
4,D7_8515cropped,Animal_1,Nose,H10,3676,3681
5,D7_8515cropped,Animal_1,Nose,H10,4404,4407
0,D7_8910cropped,Animal_1,Nose,H0,0,26
1,D7_8910cropped,Animal_1,Nose,H0,167,182
2,D7_8910cropped,Animal_1,Nose,H0,190,247
3,D7_8910cropped,Animal_1,Nose,H0,249,256
0,D7_8910cropped,Animal_1,Nose,H1,51,72
1,D7_8910cropped,Animal_1,Nose,H1,76,76
2,D7_8910cropped,Animal_1,Nose,H1,79,80
3,D7_8910cropped,Animal_1,Nose,H1,95,109
4,D7_8910cropped,Animal_1,Nose,H1,139,146
0,D7_8930cropped,Animal_1,Nose,H1,2799,2823
0,D7_8930cropped,Animal_1,Nose,H18,858,858
1,D7_8930cropped,Animal_1,Nose,H18,862,865
2,D7_8930cropped,Animal_1,Nose,H18,873,875
3,D7_8930cropped,Animal_1,Nose,H18,883,890
4,D7_8930cropped,Animal_1,Nose,H18,1871,1876
5,D7_8930cropped,Animal_1,Nose,H18,3528,3575
0,D7_8930cropped,Animal_1,Nose,H4,2206,2222
1,D7_8930cropped,Animal_1,Nose,H4,2226,2232
2,D7_8930cropped,Animal_1,Nose,H4,3805,3807
0,D7_8930cropped,Animal_1,Nose,H0,2633,2636
1,D7_8930cropped,Animal_1,Nose,H0,2682,2729
2,D7_8930cropped,Animal_1,Nose,H0,2741,2788
3,D7_8930cropped,Animal_1,Nose,H0,4005,4089
4,D7_8930cropped,Animal_1,Nose,H0,4091,4162
5,D7_8930cropped,Animal_1,Nose,H0,4174,4235
0,D7_8930cropped,Animal_1,Nose,H2,3068,3084
0,D7_8930cropped,Animal_1,Nose,H12,406,413
1,D7_8930cropped,Animal_1,Nose,H12,423,431
2,D7_8930cropped,Animal_1,Nose,H12,434,438
3,D7_8930cropped,Animal_1,Nose,H12,442,444
4,D7_8930cropped,Animal_1,Nose,H12,480,488
5,D7_8930cropped,Animal_1,Nose,H12,2908,2910
0,D7_8930cropped,Animal_1,Nose,H11,2923,2960
1,D7_8930cropped,Animal_1,Nose,H11,2964,2970
2,D7_8930cropped,Animal_1,Nose,H11,2974,2979
0,D7_8930cropped,Animal_1,Nose,H15,1491,1492
1,D7_8930cropped,Animal_1,Nose,H15,1494,1497
2,D7_8930cropped,Animal_1,Nose,H15,1500,1507
3,D7_8930cropped,Animal_1,Nose,H15,1580,1590
4,D7_8930cropped,Animal_1,Nose,H15,1595,1601
5,D7_8930cropped,Animal_1,Nose,H15,1611,1619
6,D7_8930cropped,Animal_1,Nose,H15,3326,3340
7,D7_8930cropped,Animal_1,Nose,H15,3353,3375
8,D7_8930cropped,Animal_1,Nose,H15,3465,3477
0,D7_8930cropped,Animal_1,Nose,H13,335,378
1,D7_8930cropped,Animal_1,Nose,H13,531,567
2,D7_8930cropped,Animal_1,Nose,H13,586,616
3,D7_8930cropped,Animal_1,Nose,H13,2401,2408
4,D7_8930cropped,Animal_1,Nose,H13,2423,2438
0,D7_8930cropped,Animal_1,Nose,H17,1672,1700
1,D7_8930cropped,Animal_1,Nose,H17,1706,1710
2,D7_8930cropped,Animal_1,Nose,H17,3585,3593
3,D7_8930cropped,Animal_1,Nose,H17,3599,3604
4,D7_8930cropped,Animal_1,Nose,H17,3616,3621
0,D7_8930cropped,Animal_1,Nose,H14,3168,3254
1,D7_8930cropped,Animal_1,Nose,H14,3284,3290
2,D7_8930cropped,Animal_1,Nose,H14,3296,3310
0,D7_8930cropped,Animal_1,Nose,H10,2126,2130
0,D7_8930cropped,Animal_1,Nose,H5,3782,3790
0,D7_8930cropped,Animal_1,Nose,H19,789,805
1,D7_8930cropped,Animal_1,Nose,H19,812,845
2,D7_8930cropped,Animal_1,Nose,H19,1913,1935
3,D7_8930cropped,Animal_1,Nose,H19,1951,1951
4,D7_8930cropped,Animal_1,Nose,H19,4262,4308
