Date;ID;Short_ID;Born date;Age;Gen;ATFs;Sex;Weight;ATF;ColorCode;Sex
44287;289846926;6926;44277;1;+;VP64;Hembra*;4;PSD95-6ZF-VP64;#009E73;Female
44287;289756444;6444;44277;1;+;NoED;Hembra*;5;PSD95-6ZF-NoED;#E69F00;Female
44287;289838791;8791;44277;1;-;NI;Hembra*;6;HTT-NI;#0C7BDC;Female
44287;289756897;6897;44277;1;-;NI;Hembra*;6;HTT-NI;#0C7BDC;Female
44287;289838244;8244;44277;1;+;NoED;Hembra*;7;PSD95-6ZF-NoED;#E69F00;Female
44287;289838538;8538;44270;2;-;Tripan;Macho*;7;HTT-NI;#0C7BDC;Male
44287;289838124;8124;44270;2;+;NoED;Hembra*;7;PSD95-6ZF-NoED;#E69F00;Female
44287;289838941;8941;44270;2;+;VP64;Hembra*;7;PSD95-6ZF-VP64;#009E73;Female
44287;289838699;8699;44270;2;-;Tripan;Macho*;8;HTT-NI;#0C7BDC;Male
44287;289838187;8187;44270;2;+;NI;Macho*;8;HTT+NI;#994F00;Male
44582;290219691;9691;44565;2;+;NoED;Hembra;8;PSD95-6ZF-NoED;#E69F00;Female
44287;289838225;8225;44270;2;-;NI;Hembra*;8;HTT-NI;#0C7BDC;Female
44287;289838718;8718;44270;2;-;NI;Hembra*;8;HTT-NI;#0C7BDC;Female
44582;290220002;2;44565;2;+;VP64;Macho;8;PSD95-6ZF-VP64;#009E73;Male
44582;290219261;9261;44565;2;-;NI;Hembra;9;HTT-NI;#0C7BDC;Female
44582;290219312;9312;44565;2;-;NI;Hembra;9;HTT-NI;#0C7BDC;Female
44582;290219687;9687;44565;2;+;NoED;Hembra;9;PSD95-6ZF-NoED;#E69F00;Female
44226;289838087;8087;44209;2;-;NI;Hembra;10;HTT-NI;#0C7BDC;Female
44582;290219495;9495;44565;2;-;NI;Hembra;10;HTT-NI;#0C7BDC;Female
44582;290219686;9686;44565;2;-;NI;Macho;10;HTT-NI;#0C7BDC;Male
44582;290219220;9220;44565;2;-;NI;Hembra;10;HTT-NI;#0C7BDC;Female
44582;290219316;9316;44565;2;-;NI;Hembra;10;HTT-NI;#0C7BDC;Female
44582;290219917;9917;44565;2;+;NI;Hembra;10;HTT+NI;#994F00;Female
44582;290219687;9687;44565;2;+;NoED;Hembra;10;PSD95-6ZF-NoED;#E69F00;Female
44582;290219172;9172;44565;2;+;NoED;Macho;10;PSD95-6ZF-NoED;#E69F00;Male
44582;290219273;9273;44565;2;+;VP64;Hembra;10;PSD95-6ZF-VP64;#009E73;Female
44226;289838727;8727;44209;2;-;NI;Macho;11;HTT-NI;#0C7BDC;Male
44582;290219115;9115;44565;2;-;NI;Macho;11;HTT-NI;#0C7BDC;Male
44226;289838154;8154;44209;2;+;NI;Hembra;11;HTT+NI;#994F00;Female
44582;290219543;9543;44565;2;-;NI;Macho;11;HTT-NI;#0C7BDC;Male
44582;290219368;9368;44565;2;-;NI;Macho;11;HTT-NI;#0C7BDC;Male
44226;289838831;8831;44209;2;+;NI;Macho;11;HTT+NI;#994F00;Male
44582;290219137;9137;44565;2;+;NI;Macho;11;HTT+NI;#994F00;Male
44582;290219416;9416;44565;2;+;VP64;Macho;11;PSD95-6ZF-VP64;#009E73;Male
44366;289838416;8416;44344;3;+;NI;Hembra;2;HTT+NI;#994F00;Female
44295;289846926;6926;;3;+;VP64;Hembra*;5;PSD95-6ZF-VP64;#009E73;Female
44366;289838226;8226;44344;3;-;NI;Hembra;6;HTT-NI;#0C7BDC;Female
44366;289847190;7190;44343;3;+;NoED;Hembra;6;PSD95-6ZF-NoED;#E69F00;Female
44366;289838831;8831;44343;3;+;VP64;Hembra;6;PSD95-6ZF-VP64;#009E73;Female
44366;289838154;8154;44344;3;-;NI;Hembra;7;HTT-NI;#0C7BDC;Female
44366;289846362;6362;44344;3;+;NoED;Hembra;7;PSD95-6ZF-NoED;#E69F00;Female
44287;286655538;5538;44267;3;+;NoED;Macho*;7;PSD95-6ZF-NoED;#E69F00;Male
44295;289756444;6444;;3;+;NoED;Hembra*;7;PSD95-6ZF-NoED;#E69F00;Female
44287;287646828;6828;44267;3;-;NI;Macho*;8;HTT-NI;#0C7BDC;Male
44287;286766706;6706;44267;3;-;Tripan;Macho*;8;HTT-NI;#0C7BDC;Male
44366;289838582;8582;44344;3;+;NI;Hembra;8;HTT+NI;#994F00;Female
44287;289838546;8546;44267;3;+;NI;Macho*;8;HTT+NI;#994F00;Male
44287;289838879;8879;44269;3;+;NoED;Macho*;8;PSD95-6ZF-NoED;#E69F00;Male
44295;289838791;8791;;3;-;NI;Hembra*;8;HTT-NI;#0C7BDC;Female
44295;289756897;6897;;3;-;NI;Hembra*;8;HTT-NI;#0C7BDC;Female
44301;289756444;6444;;3;+;NoED;Hembra*;8;PSD95-6ZF-NoED;#E69F00;Female
44295;289838244;8244;;3;+;NoED;Hembra*;8;PSD95-6ZF-NoED;#E69F00;Female
44287;287069362;9362;44269;3;-;Tripan;Macho*;9;HTT-NI;#0C7BDC;Male
44366;287257800;7800;44344;3;-;NI;Hembra;9;HTT-NI;#0C7BDC;Female
44366;289838604;8604;44344;3;-;NI;Macho;9;HTT-NI;#0C7BDC;Male
44366;289847264;7264;44344;3;-;NI;Macho;9;HTT-NI;#0C7BDC;Male
44287;287020606;606;44265;3;+;NI;Hembra;9;HTT+NI;#994F00;Female
44366;354625472;5472;44343;3;+;NI;Hembra;9;HTT+NI;#994F00;Female
44287;289838224;8224;44269;3;+;NI;Macho*;9;HTT+NI;#994F00;Male
44287;287650977;977;44265;3;+;NoED;Hembra;9;PSD95-6ZF-NoED;#E69F00;Female
44287;287585371;5371;44267;3;-;Tripan;Hembra*;9;HTT-NI;#0C7BDC;Female
44287;286823797;3797;44267;3;+;VP64;Macho*;9;PSD95-6ZF-VP64;#009E73;Male
44287;287561632;1632;44269;3;-;NI;Macho*;10;HTT-NI;#0C7BDC;Male
44366;287491508;1508;44343;3;-;NI;Hembra;10;HTT-NI;#0C7BDC;Female
44366;287716914;6914;44343;3;-;NI;Hembra;10;HTT-NI;#0C7BDC;Female
44366;289756386;6386;44343;3;-;NI;Hembra;10;HTT-NI;#0C7BDC;Female
44366;289756745;6745;44343;3;-;NI;Hembra;10;HTT-NI;#0C7BDC;Female
44582;290219641;9641;44561;3;-;NI;Macho;10;HTT-NI;#0C7BDC;Male
44366;lost;lost;44343;3;;NI;Hembra;10;HTT+NI;#994F00;Female
44226;289838515;8515;44202;3;+;VP64;Hembra;10;PSD95-6ZF-VP64;#009E73;Female
44226;289838244;8244;44204;3;-;NI;Macho;11;HTT-NI;#0C7BDC;Male
44582;290219423;9423;44561;3;-;NI;Hembra;11;HTT-NI;#0C7BDC;Female
44582;290219119;9119;44561;3;-;NI;Hembra;11;HTT-NI;#0C7BDC;Female
44582;290219824;9824;44561;3;-;NI;Hembra;11;HTT-NI;#0C7BDC;Female
44226;289838582;8582;44202;3;+;NoED;Hembra;11;PSD95-6ZF-NoED;#E69F00;Female
44589;290219687;9687;;3;+;NoED;Hembra;11;PSD95-6ZF-NoED;#E69F00;Female
44589;290219691;9691;;3;+;NoED;Hembra;11;PSD95-6ZF-NoED;#E69F00;Female
44226;286992078;2078;44204;3;+;NoED;Macho;11;PSD95-6ZF-NoED;#E69F00;Male
44226;289838226;8226;44204;3;+;NoED;Macho;11;PSD95-6ZF-NoED;#E69F00;Male
44226;289838930;8930;44204;3;+;VP64;Hembra;11;PSD95-6ZF-VP64;#009E73;Female
44582;290219548;9548;44561;3;+;VP64;Hembra;11;PSD95-6ZF-VP64;#009E73;Female
44301;289756897;6897;;3;-;NI;Hembra*;11;HTT-NI;#0C7BDC;Female
44226;287523931;3931;44202;3;+;NoED;Hembra;12;PSD95-6ZF-NoED;#E69F00;Female
44589;290219687;9687;;3;+;NoED;Hembra;12;PSD95-6ZF-NoED;#E69F00;Female
44582;290219162;9162;44561;3;+;NoED;Hembra;12;PSD95-6ZF-NoED;#E69F00;Female
44582;290219143;9143;44561;3;+;VP64;Hembra;12;PSD95-6ZF-VP64;#009E73;Female
44226;289838342;8342;44204;3;+;VP64;Macho;12;PSD95-6ZF-VP64;#009E73;Male
44301;289838244;8244;;3;+;NoED;Hembra*;12;PSD95-6ZF-NoED;#E69F00;Female
44589;290219495;9495;;3;-;NI;Hembra;13;HTT-NI;#0C7BDC;Female
44582;290219714;9714;44561;3;-;NI;Hembra;13;HTT-NI;#0C7BDC;Female
44226;287556747;6747;44204;3;+;NI;Macho;13;HTT+NI;#994F00;Male
44589;290219917;9917;;3;+;NI;Hembra;13;HTT+NI;#994F00;Female
44582;290219965;9965;44561;3;+;NI;Macho;13;HTT+NI;#994F00;Male
44226;289838839;8839;44202;3;+;NoED;Macho;13;PSD95-6ZF-NoED;#E69F00;Male
44226;287257800;7800;44202;3;+;VP64;Macho;13;PSD95-6ZF-VP64;#009E73;Male
44226;289838910;8910;44202;3;-;NI;hembra;14;HTT-NI;#0C7BDC;Female
44589;290219686;9686;;3;-;NI;Macho;14;HTT-NI;#0C7BDC;Male
44589;290219220;9220;;3;-;NI;Hembra;14;HTT-NI;#0C7BDC;Female
44589;290219312;9312;;3;-;NI;Hembra;14;HTT-NI;#0C7BDC;Female
44589;290219368;9368;;3;-;NI;Macho;14;HTT-NI;#0C7BDC;Male
44589;290219137;9137;;3;+;NI;Macho;14;HTT+NI;#994F00;Male
44589;290219273;9273;;3;+;VP64;Hembra;14;PSD95-6ZF-VP64;#009E73;Female
44589;290220002;2;;3;+;VP64;Macho;14;PSD95-6ZF-VP64;#009E73;Male
44589;290219115;9115;;3;-;NI;Macho;15;HTT-NI;#0C7BDC;Male
44589;290219261;9261;;3;-;NI;Hembra;15;HTT-NI;#0C7BDC;Female
44589;290219316;9316;;3;-;NI;Hembra;15;HTT-NI;#0C7BDC;Female
44589;290219172;9172;;3;+;NoED;Macho;15;PSD95-6ZF-NoED;#E69F00;Male
44589;290219416;9416;;3;+;VP64;Macho;16;PSD95-6ZF-VP64;#009E73;Male
44589;290219543;9543;;3;-;NI;Macho;17;HTT-NI;#0C7BDC;Male
44301;289838791;8791;;3;-;NI;Hembra*;20;HTT-NI;#0C7BDC;Female
44743;290219098;9098;44713;4;-;NI;Hembra;9;HTT-NI;#0C7BDC;Female
44239;6362;6362;44212;4;+;NoED;Macho;9;PSD95-6ZF-NoED;#E69F00;Male
44295;289838879;8879;;4;+;NoED;Macho*;10;PSD95-6ZF-NoED;#E69F00;Male
44239;7139;7139;44212;4;+;VP64;Hembra;10;PSD95-6ZF-VP64;#009E73;Female
44295;289838941;8941;;4;+;VP64;Hembra*;11;PSD95-6ZF-VP64;#009E73;Female
44743;290219782;9782;44713;4;+;NI;Hembra;12;HTT+NI;#994F00;Female
44743;290219921;9921;44713;4;+;NI;Hembra;12;HTT+NI;#994F00;Female
44295;287650977;977;;4;+;NoED;Hembra;12;PSD95-6ZF-NoED;#E69F00;Female
44295;286655538;5538;;4;+;NoED;Macho*;12;PSD95-6ZF-NoED;#E69F00;Male
44743;290219699;9699;44713;4;+;NoED;Hembra;12;PSD95-6ZF-NoED;#E69F00;Female
44295;286823797;3797;;4;+;VP64;Macho*;12;PSD95-6ZF-VP64;#009E73;Male
44239;289847118;7118;44212;4;-;NI;Macho;13;HTT-NI;#0C7BDC;Male
44239;289846967;6967;44212;4;-;NI;Macho;13;HTT-NI;#0C7BDC;Male
44295;287646828;6828;;4;-;NI;Macho*;13;HTT-NI;#0C7BDC;Male
44295;286766706;6706;;4;-;Tripan;Macho*;13;HTT-NI;#0C7BDC;Male
44295;289838538;8538;;4;-;Tripan;Macho*;13;HTT-NI;#0C7BDC;Male
44295;287020606;606;;4;+;NI;Hembra;13;HTT+NI;#994F00;Female
44295;289838546;8546;;4;+;NI;Macho*;13;HTT+NI;#994F00;Male
44295;287585371;5371;;4;-;Tripan;Hembra*;13;HTT-NI;#0C7BDC;Female
44295;289838225;8225;;4;-;NI;Hembra*;13;HTT-NI;#0C7BDC;Female
44295;289838718;8718;;4;-;NI;Hembra*;13;HTT-NI;#0C7BDC;Female
44239;289847293;7293;44212;4;-;NI;Macho;14;HTT-NI;#0C7BDC;Male
44239;289838247;8247;44212;4;-;NI;Macho;14;HTT-NI;#0C7BDC;Male
44295;289838699;8699;;4;-;Tripan;Macho*;14;HTT-NI;#0C7BDC;Male
44589;290219824;9824;;4;-;NI;Hembra;14;HTT-NI;#0C7BDC;Female
44743;290219718;9718;44713;4;-;NI;Hembra;14;HTT-NI;#0C7BDC;Female
44241;6694;6694;44212;4;+;NI;Hembra;14;HTT+NI;#994F00;Female
44743;290219807;9807;44713;4;+;NI;Hembra;14;HTT+NI;#994F00;Female
44295;289838224;8224;;4;+;NI;Macho*;14;HTT+NI;#994F00;Male
44226;289756706;6706;44200;4;+;NoED;Macho;14;PSD95-6ZF-NoED;#E69F00;Male
44226;289756386;6386;44200;4;+;VP64;Hembra;14;PSD95-6ZF-VP64;#009E73;Female
44301;289838941;8941;;4;+;VP64;Hembra*;14;PSD95-6ZF-VP64;#009E73;Female
44226;289756720;6720;44200;4;-;NI;hembra;15;HTT-NI;#0C7BDC;Female
44239;289846849;6849;44212;4;-;NI;Macho;15;HTT-NI;#0C7BDC;Male
44239;289838817;8817;44212;4;-;NI;Macho;15;HTT-NI;#0C7BDC;Male
44295;287069362;9362;;4;-;NI;Macho*;15;HTT-NI;#0C7BDC;Male
44743;290219488;9488;44713;4;-;NI;Hembra;15;HTT-NI;#0C7BDC;Female
44366;289838930;8930;44335;4;+;NI;Hembra;15;HTT+NI;#994F00;Female
44295;289838187;8187;;4;+;NI;Macho*;15;HTT+NI;#994F00;Male
44226;289756745;6745;44200;4;+;NoED;Macho;15;PSD95-6ZF-NoED;#E69F00;Male
44241;8966;8966;44212;4;-;NI;Hembra;16;HTT-NI;#0C7BDC;Female
44589;290219423;9423;;4;-;NI;Hembra;16;HTT-NI;#0C7BDC;Female
44589;290219119;9119;;4;-;NI;Hembra;16;HTT-NI;#0C7BDC;Female
44589;290219641;9641;;4;-;NI;Macho;16;HTT-NI;#0C7BDC;Male
44241;7264;7264;44212;4;+;NI;Hembra;16;HTT+NI;#994F00;Female
44226;289756484;6484;44200;4;+;VP64;Macho;16;PSD95-6ZF-VP64;#009E73;Male
44226;289756897;6897;44200;4;+;VP64;Macho;16;PSD95-6ZF-VP64;#009E73;Male
44589;290219143;9143;;4;+;VP64;Hembra;16;PSD95-6ZF-VP64;#009E73;Female
44301;289838225;8225;;4;-;NI;Hembra*;16;HTT-NI;#0C7BDC;Female
44301;289838718;8718;;4;-;NI;Hembra*;16;HTT-NI;#0C7BDC;Female
44592;290220002;2;;4;+;VP64;Macho;16;PSD95-6ZF-VP64;#009E73;Male
44239;289838087;8087;;4;-;NI;Hembra;17;HTT-NI;#0C7BDC;Female
44241;6608;6608;44211;4;-;NI;Hembra;17;HTT-NI;#0C7BDC;Female
44241;6388;6388;44212;4;-;NI;Macho;17;HTT-NI;#0C7BDC;Male
44295;287561632;1632;;4;-;NI;Macho*;17;HTT-NI;#0C7BDC;Male
44589;290219714;9714;;4;-;NI;Hembra;17;HTT-NI;#0C7BDC;Female
44241;3005;3005;44211;4;+;NI;Hembra;17;HTT+NI;#994F00;Female
44241;1508;1508;44211;4;+;NI;Macho;17;HTT+NI;#994F00;Male
44366;289838788;8788;44335;4;+;NI;Hembra;17;HTT+NI;#994F00;Female
44589;290219162;9162;;4;+;NoED;Hembra;17;PSD95-6ZF-NoED;#E69F00;Female
44203;289838910;8910;;4;-;NI;hembra;18;HTT-NI;#0C7BDC;Female
44241;6935;6935;44211;4;-;NI;Hembra;18;HTT-NI;#0C7BDC;Female
44301;289838538;8538;;4;-;Tripan;Macho*;18;HTT-NI;#0C7BDC;Male
44301;289838699;8699;;4;-;Tripan;Macho*;18;HTT-NI;#0C7BDC;Male
44592;290219316;9316;;4;-;NI;Hembra;18;HTT-NI;#0C7BDC;Female
44241;6274;6274;44211;4;+;NI;Hembra;18;HTT+NI;#994F00;Female
44241;7153;7153;44212;4;+;NI;Macho;18;HTT+NI;#994F00;Male
44226;289756286;6286;44200;4;+;NoED;Macho;18;PSD95-6ZF-NoED;#E69F00;Male
44234;289838930;8930;;4;+;VP64;Hembra;18;PSD95-6ZF-VP64;#009E73;Female
44366;289838668;8668;44335;4;-;NI;Macho;19;HTT-NI;#0C7BDC;Male
44239;289838154;8154;;4;+;NI;Hembra;19;HTT+NI;#994F00;Female
44239;289839059;9059;44209;4;+;NI;Macho;19;HTT+NI;#994F00;Male
44239;289838831;8831;;4;+;NI;Macho;19;HTT+NI;#994F00;Male
44589;290219965;9965;;4;+;NI;Macho;19;HTT+NI;#994F00;Male
44239;289838604;8604;44209;4;-;NI;Macho;20;HTT-NI;#0C7BDC;Male
44239;289838887;8887;44209;4;-;NI;Macho;20;HTT-NI;#0C7BDC;Male
44239;289838715;8715;44209;4;-;NI;Macho;20;HTT-NI;#0C7BDC;Male
44241;6926;6926;44211;4;+;NI;Macho;20;HTT+NI;#994F00;Male
44241;7580;7580;44211;4;+;NI;Macho;20;HTT+NI;#994F00;Male
44301;289838187;8187;;4;+;NI;Macho*;20;HTT+NI;#994F00;Male
44234;286992078;2078;;4;+;NoED;Macho;20;PSD95-6ZF-NoED;#E69F00;Male
44239;289838416;8416;44209;4;-;NI;Macho;21;HTT-NI;#0C7BDC;Male
44239;289838727;8727;;4;-;NI;Macho;21;HTT-NI;#0C7BDC;Male
44241;6914;6914;44211;4;+;NI;Macho;21;HTT+NI;#994F00;Male
44366;289846926;6926;44335;4;+;NI;Macho;21;HTT+NI;#994F00;Male
44600;290220002;2;;5;+;VP64;Macho;19;PSD95-6ZF-VP64;#009E73;Male
44301;289838879;8879;;5;+;NoED;Macho*;12;PSD95-6ZF-NoED;#E69F00;Male
44310;289756444;6444;;5;+;NoED;Hembra*;12;PSD95-6ZF-NoED;#E69F00;Female
44301;287650977;977;;5;+;NoED;Hembra;13;PSD95-6ZF-NoED;#E69F00;Female
44615;290220002;2;;7;+;VP64;Macho;22;PSD95-6ZF-VP64;#009E73;Male
44621;290220002;2;;8;+;VP64;Macho;22;PSD95-6ZF-VP64;#009E73;Male
44627;290220002;2;;9;+;VP64;Macho;23;PSD95-6ZF-VP64;#009E73;Male
43937;289752664;2664;43896;6;+;VP64;Hembra;18;PSD95-6ZF-VP64;#009E73;Female
44301;286766706;6706;;5;-;Tripan;Macho*;15;HTT-NI;#0C7BDC;Male
44743;290219983;9983;44705;5;-;NI;Hembra;15;HTT-NI;#0C7BDC;Female
44301;287020606;606;;5;+;NI;Hembra;15;HTT+NI;#994F00;Female
44248;6362;6362;;5;+;NoED;Macho;15;PSD95-6ZF-NoED;#E69F00;Male
44301;286823797;3797;;5;+;VP64;Macho*;15;PSD95-6ZF-VP64;#009E73;Male
44310;289756897;6897;;5;-;NI;Hembra*;15;HTT-NI;#0C7BDC;Female
44600;290219220;9220;;5;-;NI;Hembra;16;HTT-NI;#0C7BDC;Female
44248;1508;1508;;5;+;NI;Macho;19;HTT+NI;#994F00;Male
44253;1508;1508;;6;+;NI;Macho;22;HTT+NI;#994F00;Male
44257;1508;1508;;7;+;NI;Macho;22;HTT+NI;#994F00;Male
44234;287523931;3931;;5;+;NoED;Hembra;16;PSD95-6ZF-NoED;#E69F00;Female
44301;287585371;5371;;5;-;Tripan;Hembra*;16;HTT-NI;#0C7BDC;Female
44310;289838791;8791;;5;-;NI;Hembra*;16;HTT-NI;#0C7BDC;Female
44301;287646828;6828;;5;-;NI;Macho*;17;HTT-NI;#0C7BDC;Male
44239;287523931;3931;;5;+;NoED;Hembra;17;PSD95-6ZF-NoED;#E69F00;Female
44743;290219269;9269;44705;5;+;NoED;Hembra;17;PSD95-6ZF-NoED;#E69F00;Female
44301;286655538;5538;;5;+;NoED;Macho*;17;PSD95-6ZF-NoED;#E69F00;Male
44743;290248680;8680;44705;5;+;NoED;Hembra;17;PSD95-6ZF-NoED;#E69F00;Female
44310;289838244;8244;;5;+;NoED;Hembra*;17;PSD95-6ZF-NoED;#E69F00;Female
43937;289752609;2609;43899;5;-;VP64;Hembra;18;HTT-NI;#0C7BDC;Female
44248;6608;6608;;5;-;NI;Hembra;18;HTT-NI;#0C7BDC;Female
44600;290219261;9261;;5;-;NI;Hembra;18;HTT-NI;#0C7BDC;Female
44600;290219316;9316;;5;-;NI;Hembra;18;HTT-NI;#0C7BDC;Female
44600;290219312;9312;;5;-;NI;Hembra;18;HTT-NI;#0C7BDC;Female
44743;290219846;9846;44705;5;-;NI;Hembra;18;HTT-NI;#0C7BDC;Female
44743;290219452;9452;44705;5;-;NI;Hembra;18;HTT-NI;#0C7BDC;Female
44263;1508;1508;;7;+;NI;Macho;22;HTT+NI;#994F00;Male
44268;1508;1508;;8;+;NI;Macho;24;HTT+NI;#994F00;Male
43952;289752245;2245;43899;8;+;NI;Macho;24;HTT+NI;#994F00;Male
44743;290248381;8381;44705;5;+;NoED;Hembra;18;PSD95-6ZF-NoED;#E69F00;Female
44248;289847118;7118;;5;-;NI;Macho;19;HTT-NI;#0C7BDC;Male
44248;289847293;7293;;5;-;NI;Macho;19;HTT-NI;#0C7BDC;Male
44248;289838247;8247;;5;-;NI;Macho;19;HTT-NI;#0C7BDC;Male
44301;287069362;9362;;5;-;NI;Macho*;19;HTT-NI;#0C7BDC;Male
44600;290219686;9686;;5;-;NI;Macho;19;HTT-NI;#0C7BDC;Male
44248;3005;3005;;5;+;NI;Hembra;19;HTT+NI;#994F00;Female
44257;3005;3005;;7;+;NI;Hembra;21;HTT+NI;#994F00;Female
44310;286823797;3797;;6;+;VP64;Macho*;19;PSD95-6ZF-VP64;#009E73;Male
44239;289838910;8910;;5;-;NI;hembra;20;HTT-NI;#0C7BDC;Female
44248;289846849;6849;;5;-;NI;Macho;20;HTT-NI;#0C7BDC;Male
44248;289846967;6967;;5;-;NI;Macho;20;HTT-NI;#0C7BDC;Male
44248;289838817;8817;;5;-;NI;Macho;20;HTT-NI;#0C7BDC;Male
44248;6388;6388;;5;-;NI;Macho;20;HTT-NI;#0C7BDC;Male
44248;8966;8966;;5;-;NI;Hembra;20;HTT-NI;#0C7BDC;Female
44600;290219316;9316;;5;-;NI;Hembra;20;HTT-NI;#0C7BDC;Female
44268;3005;3005;;8;+;NI;Hembra;22;HTT+NI;#994F00;Female
44274;3005;3005;;9;+;NI;Hembra;21;HTT+NI;#994F00;Female
44246;289756897;6897;44200;7;+;VP64;Macho;22;PSD95-6ZF-VP64;#009E73;Male
44600;290219172;9172;;5;+;NoED;Macho;20;PSD95-6ZF-NoED;#E69F00;Male
44248;6935;6935;;5;-;NI;Hembra;21;HTT-NI;#0C7BDC;Female
44301;287561632;1632;;5;-;NI;Macho*;21;HTT-NI;#0C7BDC;Male
44600;290219115;9115;;5;-;NI;Macho;21;HTT-NI;#0C7BDC;Male
44279;3005;3005;;10;+;NI;Hembra;22;HTT+NI;#994F00;Female
44248;6274;6274;;5;+;NI;Hembra;19;HTT+NI;#994F00;Female
44257;6274;6274;;7;+;NI;Hembra;21;HTT+NI;#994F00;Female
44268;6274;6274;;8;+;NI;Hembra;21;HTT+NI;#994F00;Female
44239;289838226;8226;;5;+;NoED;Macho;21;PSD95-6ZF-NoED;#E69F00;Male
44274;6274;6274;;9;+;NI;Hembra;22;HTT+NI;#994F00;Female
44234;289756745;6745;;5;+;NoED;Macho;22;PSD95-6ZF-NoED;#E69F00;Male
44239;286992078;2078;;5;+;NoED;Macho;22;PSD95-6ZF-NoED;#E69F00;Male
44248;7139;7139;;5;+;VP64;Hembra;13;PSD95-6ZF-VP64;#009E73;Female
44600;290219368;9368;;5;-;NI;Macho;23;HTT-NI;#0C7BDC;Male
44279;6274;6274;;10;+;NI;Hembra;23;HTT+NI;#994F00;Female
44248;6694;6694;;5;+;NI;Hembra;17;HTT+NI;#994F00;Female
44600;290219543;9543;;5;-;NI;Macho;24;HTT-NI;#0C7BDC;Male
44268;6694;6694;;8;+;NI;Hembra;18;HTT+NI;#994F00;Female
44274;6694;6694;;9;+;NI;Hembra;18;HTT+NI;#994F00;Female
44279;6694;6694;;10;+;NI;Hembra;18;HTT+NI;#994F00;Female
44248;287556747;6747;;6;+;NI;Macho;18;HTT+NI;#994F00;Male
44234;289756286;6286;;5;+;NoED;Macho;24;PSD95-6ZF-NoED;#E69F00;Male
44257;287556747;6747;;8;+;NI;Macho;19;HTT+NI;#994F00;Male
44268;287556747;6747;;9;+;NI;Macho;20;HTT+NI;#994F00;Male
44274;287556747;6747;;10;+;NI;Macho;20;HTT+NI;#994F00;Male
44248;6914;6914;;5;+;NI;Macho;18;HTT+NI;#994F00;Male
44253;6914;6914;;6;+;NI;Macho;19;HTT+NI;#994F00;Male
44257;6362;6362;;6;+;NoED;Macho;15;PSD95-6ZF-NoED;#E69F00;Male
44268;7139;7139;;8;+;VP64;Hembra;12;PSD95-6ZF-VP64;#009E73;Female
44310;289838879;8879;;6;+;NoED;Macho*;16;PSD95-6ZF-NoED;#E69F00;Male
44310;289838225;8225;;6;-;NI;Hembra*;16;HTT-NI;#0C7BDC;Female
43937;289752954;2954;43896;6;-;NoED;Hembra;17;HTT-NI;#0C7BDC;Female
43937;289752641;2641;43896;6;-;VP64;Hembra;17;HTT-NI;#0C7BDC;Female
44310;286766706;6706;;6;-;Tripan;Macho*;17;HTT-NI;#0C7BDC;Male
44600;290219423;9423;;6;-;NI;Hembra;17;HTT-NI;#0C7BDC;Female
44600;290219824;9824;;6;-;NI;Hembra;17;HTT-NI;#0C7BDC;Female
44743;290219441;9441;44704;6;-;NI;Hembra;17;HTT-NI;#0C7BDC;Female
44743;290219714;9714;44704;6;-;NI;Hembra;17;HTT-NI;#0C7BDC;Female
44257;6914;6914;;7;+;NI;Macho;19;HTT+NI;#994F00;Male
44263;6914;6914;;7;+;NI;Macho;20;HTT+NI;#994F00;Male
43937;289752613;2613;43896;6;+;NoED;Macho;17;PSD95-6ZF-NoED;#E69F00;Male
44600;290219162;9162;;6;+;NoED;Hembra;17;PSD95-6ZF-NoED;#E69F00;Female
44275;7139;7139;;9;+;VP64;Hembra;12;PSD95-6ZF-VP64;#009E73;Female
44274;7139;7139;;9;+;VP64;Hembra;12;PSD95-6ZF-VP64;#009E73;Female
44248;287257800;7800;;6;+;VP64;Macho;19;PSD95-6ZF-VP64;#009E73;Male
43937;289752513;2513;43896;6;-;VP64;Macho;18;HTT-NI;#0C7BDC;Male
44248;289838087;8087;;6;-;NI;Hembra;18;HTT-NI;#0C7BDC;Female
44257;289847118;7118;;6;-;NI;Macho;18;HTT-NI;#0C7BDC;Male
44600;290219119;9119;;6;-;NI;Hembra;18;HTT-NI;#0C7BDC;Female
44743;290219614;9614;44704;6;-;NI;Hembra;18;HTT-NI;#0C7BDC;Female
43937;289752985;2985;43896;6;+;NoED;Macho;18;PSD95-6ZF-NoED;#E69F00;Male
44310;289838718;8718;;6;-;NI;Hembra*;18;HTT-NI;#0C7BDC;Female
44248;287257800;7800;;7;+;VP64;Macho;20;PSD95-6ZF-VP64;#009E73;Male
44257;287257800;7800;;8;+;VP64;Macho;19;PSD95-6ZF-VP64;#009E73;Male
44257;289847293;7293;;6;-;NI;Macho;19;HTT-NI;#0C7BDC;Male
44600;290219714;9714;;6;-;NI;Hembra;19;HTT-NI;#0C7BDC;Female
44600;290219641;9641;;6;-;NI;Macho;19;HTT-NI;#0C7BDC;Male
44268;6914;6914;;8;+;NI;Macho;20;HTT+NI;#994F00;Male
44248;6926;6926;;5;+;NI;Macho;19;HTT+NI;#994F00;Male
44743;290219980;9980;44704;6;+;NoED;Hembra;19;PSD95-6ZF-NoED;#E69F00;Female
44247;289838244;8244;;6;-;NI;Macho;20;HTT-NI;#0C7BDC;Male
44257;289846849;6849;;6;-;NI;Macho;20;HTT-NI;#0C7BDC;Male
44257;289838247;8247;;6;-;NI;Macho;20;HTT-NI;#0C7BDC;Male
44257;289846967;6967;;6;-;NI;Macho;20;HTT-NI;#0C7BDC;Male
44257;289838817;8817;;6;-;NI;Macho;20;HTT-NI;#0C7BDC;Male
44253;6926;6926;;6;+;NI;Macho;23;HTT+NI;#994F00;Male
44257;6926;6926;;7;+;NI;Macho;24;HTT+NI;#994F00;Male
44743;290248557;8557;44704;6;+;NoED;Hembra;20;PSD95-6ZF-NoED;#E69F00;Female
44746;290248557;8557;;6;+;NoED;Hembra;20;PSD95-6ZF-NoED;#E69F00;Female
44248;289838887;8887;;6;-;NI;Macho;21;HTT-NI;#0C7BDC;Male
44248;289838727;8727;;6;-;NI;Macho;21;HTT-NI;#0C7BDC;Male
44310;289838538;8538;;6;-;Tripan;Macho*;21;HTT-NI;#0C7BDC;Male
44310;289838699;8699;;6;-;Tripan;Macho*;21;HTT-NI;#0C7BDC;Male
44263;6926;6926;;7;+;NI;Macho;26;HTT+NI;#994F00;Male
44310;286655538;5538;;6;+;NoED;Macho*;21;PSD95-6ZF-NoED;#E69F00;Male
43937;289490328;328;43896;6;-;NoED;Macho;22;HTT-NI;#0C7BDC;Male
44248;289838416;8416;;6;-;NI;Macho;22;HTT-NI;#0C7BDC;Male
44248;289838715;8715;;6;-;NI;Macho;22;HTT-NI;#0C7BDC;Male
44310;287561632;1632;;6;-;NI;Macho*;22;HTT-NI;#0C7BDC;Male
44310;287069362;9362;;6;-;NI;Macho*;22;HTT-NI;#0C7BDC;Male
44268;6926;6926;;8;+;NI;Macho;26;HTT+NI;#994F00;Male
44248;7153;7153;;5;+;NI;Macho;20;HTT+NI;#994F00;Male
44253;7153;7153;;6;+;NI;Macho;23;HTT+NI;#994F00;Male
44257;7153;7153;;6;+;NI;Macho;23;HTT+NI;#994F00;Male
44263;7153;7153;;7;+;NI;Macho;23;HTT+NI;#994F00;Male
44268;287257800;7800;;9;+;VP64;Macho;20;PSD95-6ZF-VP64;#009E73;Male
44248;289838604;8604;;6;-;NI;Macho;23;HTT-NI;#0C7BDC;Male
44268;7153;7153;;8;+;NI;Macho;23;HTT+NI;#994F00;Male
44248;7190;7190;44212;5;+;NI;Hembra;17;HTT+NI;#994F00;Female
44268;7190;7190;44212;6;+;NI;Hembra;17;HTT+NI;#994F00;Female
44268;7190;7190;44212;7;+;NI;Hembra;18;HTT+NI;#994F00;Female
44268;7190;7190;44212;8;+;NI;Hembra;19;HTT+NI;#994F00;Female
44274;7190;7190;44212;9;+;NI;Hembra;20;HTT+NI;#994F00;Female
44279;7190;7190;44212;10;+;NI;Hembra;19;HTT+NI;#994F00;Female
44248;289838226;8226;;6;+;NoED;Macho;23;PSD95-6ZF-NoED;#E69F00;Male
44257;6388;6388;;6;-;NI;Macho;24;HTT-NI;#0C7BDC;Male
44248;7264;7264;;5;+;NI;Hembra;18;HTT+NI;#994F00;Female
44239;289756745;6745;;6;+;NoED;Macho;24;PSD95-6ZF-NoED;#E69F00;Male
44248;286992078;2078;;6;+;NoED;Macho;24;PSD95-6ZF-NoED;#E69F00;Male
44268;7264;7264;;6;+;NI;Hembra;19;HTT+NI;#994F00;Female
44268;7264;7264;;8;+;NI;Hembra;20;HTT+NI;#994F00;Female
44274;7264;7264;;9;+;NI;Hembra;20;HTT+NI;#994F00;Female
44279;7264;7264;;10;+;NI;Hembra;19;HTT+NI;#994F00;Female
44248;7580;7580;;5;+;NI;Macho;23;HTT+NI;#994F00;Male
44253;7580;7580;;6;+;NI;Macho;23;HTT+NI;#994F00;Male
44257;7580;7580;;7;+;NI;Macho;22;HTT+NI;#994F00;Male
44263;7580;7580;;7;+;NI;Macho;22;HTT+NI;#994F00;Male
44268;7580;7580;;8;+;NI;Macho;22;HTT+NI;#994F00;Male
44274;289838087;8087;;9;;NI;Hembra;22;HTT+NI;#994F00;Female
44239;289756286;6286;;6;+;NoED;Macho;26;PSD95-6ZF-NoED;#E69F00;Male
44279;289838087;8087;;10;;NI;Hembra;23;HTT+NI;#994F00;Female
44248;289838154;8154;;6;+;NI;Hembra;19;HTT+NI;#994F00;Female
44257;289838154;8154;;7;+;NI;Hembra;20;HTT+NI;#994F00;Female
44274;287257800;7800;;10;+;VP64;Macho;20;PSD95-6ZF-VP64;#009E73;Male
44247;289838342;8342;;6;+;VP64;Macho;22;PSD95-6ZF-VP64;#009E73;Male
44234;289838515;8515;;4;+;VP64;Hembra;15;PSD95-6ZF-VP64;#009E73;Female
44268;289838154;8154;;8;+;NI;Hembra;21;HTT+NI;#994F00;Female
44248;289838582;8582;;7;+;NoED;Hembra;17;PSD95-6ZF-NoED;#E69F00;Female
44746;290219093;9093;;7;-;NI;Macho;17,76;HTT-NI;#0C7BDC;Male
44743;290219520;9520;44697;7;-;NI;Hembra;18;HTT-NI;#0C7BDC;Female
44756;290219614;9614;;7;-;NI;Hembra;18;HTT-NI;#0C7BDC;Female
44743;290219093;9093;44697;7;-;NI;Macho;18;HTT-NI;#0C7BDC;Male
44274;289838154;8154;;9;+;NI;Hembra;22;HTT+NI;#994F00;Female
44279;289838154;8154;;10;+;NI;Hembra;23;HTT+NI;#994F00;Female
44257;289838087;8087;;7;-;NI;Hembra;19;HTT-NI;#0C7BDC;Female
44743;290248181;8181;44697;7;+;NI;Hembra;18;HTT+NI;#994F00;Female
44254;287523931;3931;;7;+;NoED;Hembra;19;PSD95-6ZF-NoED;#E69F00;Female
44310;289838187;8187;;6;+;NI;Macho*;23;HTT+NI;#994F00;Male
44756;290219980;9980;;7;+;NoED;Hembra;19;PSD95-6ZF-NoED;#E69F00;Female
44239;289838515;8515;;5;+;VP64;Hembra;16;PSD95-6ZF-VP64;#009E73;Female
44254;289838515;8515;;7;+;VP64;Hembra;18;PSD95-6ZF-VP64;#009E73;Female
44255;289838515;8515;;8;+;VP64;Hembra;19;PSD95-6ZF-VP64;#009E73;Female
44301;289838224;8224;;5;+;NI;Macho*;18;HTT+NI;#994F00;Male
44256;289838515;8515;;9;+;VP64;Hembra;19;PSD95-6ZF-VP64;#009E73;Female
44254;289838910;8910;;7;-;NI;hembra;21;HTT-NI;#0C7BDC;Female
44743;290248230;8230;44704;6;+;NI;Hembra;20;HTT+NI;#994F00;Female
44756;290248230;8230;;7;+;NI;Hembra;19;HTT+NI;#994F00;Female
44301;289838546;8546;;5;+;NI;Macho*;16;HTT+NI;#994F00;Male
44248;289756720;6720;44200;7;-;NI;hembra;22;HTT-NI;#0C7BDC;Female
44257;289838416;8416;;7;-;NI;Macho;22;HTT-NI;#0C7BDC;Male
44257;289838887;8887;;7;-;NI;Macho;22;HTT-NI;#0C7BDC;Male
44257;6608;6608;;7;-;NI;Hembra;22;HTT-NI;#0C7BDC;Female
44310;289838546;8546;;6;+;NI;Macho*;19;HTT+NI;#994F00;Male
44248;289838831;8831;;6;+;NI;Macho;22;HTT+NI;#994F00;Male
44257;289838831;8831;;7;+;NI;Macho;22;HTT+NI;#994F00;Male
44248;289838839;8839;;7;+;NoED;Macho;22;PSD95-6ZF-NoED;#E69F00;Male
44615;290219172;9172;;7;+;NoED;Macho;22;PSD95-6ZF-NoED;#E69F00;Male
44257;289838515;8515;;10;+;VP64;Hembra;18;PSD95-6ZF-VP64;#009E73;Female
44258;289838515;8515;;11;+;VP64;Hembra;18;PSD95-6ZF-VP64;#009E73;Female
44257;289838604;8604;;7;-;NI;Macho;23;HTT-NI;#0C7BDC;Male
44268;289838831;8831;;8;+;NI;Macho;22;HTT+NI;#994F00;Male
44274;289838831;8831;;9;+;NI;Macho;22;HTT+NI;#994F00;Male
44279;289838831;8831;;10;+;NI;Macho;23;HTT+NI;#994F00;Male
44248;289839059;9059;;6;+;NI;Macho;21;HTT+NI;#994F00;Male
44743;290219163;9163;44705;5;+;NI;Hembra;18;HTT+NI;#994F00;Female
44248;289756286;6286;;7;+;NoED;Macho;23;PSD95-6ZF-NoED;#E69F00;Male
44248;289756706;6706;;7;+;NoED;Macho;23;PSD95-6ZF-NoED;#E69F00;Male
44257;289838715;8715;;7;-;NI;Macho;24;HTT-NI;#0C7BDC;Male
44257;289838727;8727;;7;-;NI;Macho;24;HTT-NI;#0C7BDC;Male
44257;6935;6935;;7;-;NI;Hembra;24;HTT-NI;#0C7BDC;Female
44743;290219320;9320;44697;7;+;NI;Hembra;16;HTT+NI;#994F00;Female
44743;290219509;9509;44704;6;+;NI;Hembra;17;HTT+NI;#994F00;Female
44756;290219509;9509;;7;+;NI;Hembra;18;HTT+NI;#994F00;Female
44600;290219965;9965;;6;+;NI;Macho;22;HTT+NI;#994F00;Male
44615;290219965;9965;;8;+;NI;Macho;24;HTT+NI;#994F00;Male
44621;290219965;9965;;9;+;NI;Macho;25;HTT+NI;#994F00;Male
44248;289756745;6745;;7;+;NoED;Macho;24;PSD95-6ZF-NoED;#E69F00;Male
44253;286992078;2078;;7;+;NoED;Macho;24;PSD95-6ZF-NoED;#E69F00;Male
44253;289838226;8226;;7;+;NoED;Macho;24;PSD95-6ZF-NoED;#E69F00;Male
44173;R6/2-A2-1-00;1-00;44141;5;+;NI;Macho;24;HTT+NI;#994F00;Male
44178;R6/2-A2-1-00;1-00;;5;+;NI;Macho;26;HTT+NI;#994F00;Male
44180;R6/2-D1-1-00;1-00;44137;6;+;NI;Macho;6,142857143;HTT+NI;#994F00;Male
44180;R6/2-A2-1-00;1-00;;6;+;NI;Macho;26;HTT+NI;#994F00;Male
44183;R6/2-A2-1-00;1-00;;6;+;NI;Macho;26;HTT+NI;#994F00;Male
44183;R6/2-D1-1-00;1-00;;7;+;NI;Macho;6,571428571;HTT+NI;#994F00;Male
44188;R6/2-D1-1-00;1-00;;7;+;NI;Macho;7,285714286;HTT+NI;#994F00;Male
44188;R6/2-A2-1-00;1-00;;7;+;NI;Macho;26;HTT+NI;#994F00;Male
44193;R6/2-A2-1-00;1-00;;7;+;NI;Macho;26;HTT+NI;#994F00;Male
44193;R6/2-D1-1-00;1-00;;8;+;NI;Macho;8;HTT+NI;#994F00;Male
44260;289838515;8515;;12;+;VP64;Hembra;17;PSD95-6ZF-VP64;#009E73;Female
44743;290248691;8691;44705;5;+;VP64;Hembra;14;PSD95-6ZF-VP64;#009E73;Female
44239;289838930;8930;;5;+;VP64;Hembra;20;PSD95-6ZF-VP64;#009E73;Female
44254;289838930;8930;;7;+;VP64;Hembra;19;PSD95-6ZF-VP64;#009E73;Female
44255;289838930;8930;;7;+;VP64;Hembra;19;PSD95-6ZF-VP64;#009E73;Female
44760;290219269;9269;;8;+;NoED;Hembra;15;PSD95-6ZF-NoED;#E69F00;Female
44621;290219691;9691;;8;+;NoED;Hembra;16;PSD95-6ZF-NoED;#E69F00;Female
44760;290219846;9846;;8;-;NI;Hembra;18;HTT-NI;#0C7BDC;Female
44200;R6/2-A2-1-00;1-00;;8;+;NI;Macho;26;HTT+NI;#994F00;Male
44621;290219312;9312;;8;-;NI;Hembra;19;HTT-NI;#0C7BDC;Female
44200;R6/2-D1-1-00;1-00;;9;+;NI;Macho;9;HTT+NI;#994F00;Male
44203;R6/2-A2-1-00;1-00;;9;+;NI;Macho;28;HTT+NI;#994F00;Male
44257;289838582;8582;;8;+;NoED;Hembra;19;PSD95-6ZF-NoED;#E69F00;Female
44256;289838930;8930;;7;+;VP64;Hembra;19;PSD95-6ZF-VP64;#009E73;Female
44257;289838930;8930;;8;+;VP64;Hembra;19;PSD95-6ZF-VP64;#009E73;Female
44258;289838930;8930;;8;+;VP64;Hembra;19;PSD95-6ZF-VP64;#009E73;Female
44260;289838930;8930;;8;+;VP64;Hembra;19;PSD95-6ZF-VP64;#009E73;Female
44621;290219220;9220;;8;-;NI;Hembra;20;HTT-NI;#0C7BDC;Female
44621;290219316;9316;;8;-;NI;Hembra;20;HTT-NI;#0C7BDC;Female
44255;287523931;3931;;8;+;NoED;Hembra;20;PSD95-6ZF-NoED;#E69F00;Female
44256;287523931;3931;;8;+;NoED;Hembra;20;PSD95-6ZF-NoED;#E69F00;Female
44257;287523931;3931;;8;+;NoED;Hembra;20;PSD95-6ZF-NoED;#E69F00;Female
44258;287523931;3931;;8;+;NoED;Hembra;20;PSD95-6ZF-NoED;#E69F00;Female
44260;287523931;3931;;8;+;NoED;Hembra;20;PSD95-6ZF-NoED;#E69F00;Female
44173;R6/2-B2-1;B2-1;44140;5;+;NI;Macho;23;HTT+NI;#994F00;Male
44268;6362;6362;;8;+;NoED;Macho;20;PSD95-6ZF-NoED;#E69F00;Male
44263;289838930;8930;;9;+;VP64;Hembra;20;PSD95-6ZF-VP64;#009E73;Female
44260;289838910;8910;;8;-;NI;hembra;21;HTT-NI;#0C7BDC;Female
44268;289838087;8087;;8;-;NI;Hembra;21;HTT-NI;#0C7BDC;Female
44621;290219261;9261;;8;-;NI;Hembra;21;HTT-NI;#0C7BDC;Female
44178;R6/2-B2-1;B2-1;;5;+;NI;Macho;25;HTT+NI;#994F00;Male
44180;R6/2-B2-1;B2-1;;6;+;NI;Macho;25;HTT+NI;#994F00;Male
44256;289838910;8910;;8;-;NI;hembra;22;HTT-NI;#0C7BDC;Female
44257;289838910;8910;;8;-;NI;hembra;22;HTT-NI;#0C7BDC;Female
44258;289838910;8910;;8;-;NI;hembra;22;HTT-NI;#0C7BDC;Female
44183;R6/2-B2-1;B2-1;;6;+;NI;Macho;26;HTT+NI;#994F00;Male
44188;R6/2-B2-1;B2-1;;7;+;NI;Macho;24;HTT+NI;#994F00;Male
44615;290219162;9162;;8;+;NoED;Hembra;22;PSD95-6ZF-NoED;#E69F00;Female
44274;289838930;8930;;10;+;VP64;Hembra;20;PSD95-6ZF-VP64;#009E73;Female
44268;289838416;8416;;8;-;NI;Macho;23;HTT-NI;#0C7BDC;Male
44268;289838887;8887;;8;-;NI;Macho;23;HTT-NI;#0C7BDC;Male
44268;289847118;7118;;8;-;NI;Macho;23;HTT-NI;#0C7BDC;Male
44268;6608;6608;;8;-;NI;Hembra;23;HTT-NI;#0C7BDC;Female
44268;8966;8966;;8;-;NI;Hembra;23;HTT-NI;#0C7BDC;Female
44193;R6/2-B2-1;B2-1;;8;+;NI;Macho;27;HTT+NI;#994F00;Male
44257;289756706;6706;;8;+;NoED;Macho;23;PSD95-6ZF-NoED;#E69F00;Male
44257;289838226;8226;;8;+;NoED;Macho;23;PSD95-6ZF-NoED;#E69F00;Male
44263;289838226;8226;;8;+;NoED;Macho;23;PSD95-6ZF-NoED;#E69F00;Male
44621;290219172;9172;;8;+;NoED;Macho;23;PSD95-6ZF-NoED;#E69F00;Male
44268;289838715;8715;;8;-;NI;Macho;24;HTT-NI;#0C7BDC;Male
44268;289838727;8727;;8;-;NI;Macho;24;HTT-NI;#0C7BDC;Male
44268;289846849;6849;;8;-;NI;Macho;24;HTT-NI;#0C7BDC;Male
44268;289838247;8247;;8;-;NI;Macho;24;HTT-NI;#0C7BDC;Male
44268;289846967;6967;;8;-;NI;Macho;24;HTT-NI;#0C7BDC;Male
44621;290219686;9686;;8;-;NI;Macho;24;HTT-NI;#0C7BDC;Male
44200;R6/2-B2-1;B2-1;;9;+;NI;Macho;27;HTT+NI;#994F00;Male
44180;R6/2-C2-1;C2-1;44142;5;+;NI;Macho;20;HTT+NI;#994F00;Male
44180;R6/2-C2-1;C2-1;44142;5;+;NI;Macho;21;HTT+NI;#994F00;Male
44183;R6/2-C2-1;C2-1;;6;+;NI;Macho;20;HTT+NI;#994F00;Male
44183;R6/2-C2-1;C2-1;;6;+;NI;Macho;23;HTT+NI;#994F00;Male
44257;286992078;2078;;8;+;NoED;Macho;24;PSD95-6ZF-NoED;#E69F00;Male
44310;289838941;8941;;6;+;VP64;Hembra*;18;PSD95-6ZF-VP64;#009E73;Female
44268;289838817;8817;;8;-;NI;Macho;25;HTT-NI;#0C7BDC;Male
44268;6388;6388;;8;-;NI;Macho;25;HTT-NI;#0C7BDC;Male
44188;R6/2-C2-1;C2-1;;7;+;NI;Macho;22;HTT+NI;#994F00;Male
44253;289756745;6745;;8;+;NoED;Macho;25;PSD95-6ZF-NoED;#E69F00;Male
44257;289756745;6745;;8;+;NoED;Macho;25;PSD95-6ZF-NoED;#E69F00;Male
44263;286992078;2078;;8;+;NoED;Macho;25;PSD95-6ZF-NoED;#E69F00;Male
43952;289752954;2954;43896;8;-;NoED;Hembra;26;HTT-NI;#0C7BDC;Female
44268;289838604;8604;;8;-;NI;Macho;26;HTT-NI;#0C7BDC;Male
44188;R6/2-C2-1;C2-1;;7;+;NI;Macho;23;HTT+NI;#994F00;Male
44193;R6/2-C2-1;C2-1;;7;+;NI;Macho;23;HTT+NI;#994F00;Male
44621;290219115;9115;;8;-;NI;Macho;27;HTT-NI;#0C7BDC;Male
44193;R6/2-C2-1;C2-1;;7;+;NI;Macho;24;HTT+NI;#994F00;Male
44199;R6/2-C2-1;C2-1;;8;+;NI;Macho;24;HTT+NI;#994F00;Male
44203;R6/2-C2-1;C2-1;;9;+;NI;Macho;24;HTT+NI;#994F00;Male
44203;R6/2-C2-1;C2-1;;9;+;NI;Macho;26;HTT+NI;#994F00;Male
44253;289756286;6286;;8;+;NoED;Macho;28;PSD95-6ZF-NoED;#E69F00;Male
44257;289756286;6286;;8;+;NoED;Macho;28;PSD95-6ZF-NoED;#E69F00;Male
44621;290219543;9543;;8;-;NI;Macho;29;HTT-NI;#0C7BDC;Male
44621;290219368;9368;;8;-;NI;Macho;29;HTT-NI;#0C7BDC;Male
44743;290219058;9058;44705;5;+;VP64;Hembra;10;PSD95-6ZF-VP64;#009E73;Female
44211;R6/2-C2-1;C2-1;;10;+;NI;Macho;24;HTT+NI;#994F00;Male
44760;290219058;9058;;8;+;VP64;Hembra;11;PSD95-6ZF-VP64;#009E73;Female
44600;290219143;9143;;6;+;VP64;Hembra;18;PSD95-6ZF-VP64;#009E73;Female
44211;R6/2-C2-1;C2-1;;10;+;NI;Macho;25;HTT+NI;#994F00;Male
44621;290219423;9423;;9;-;NI;Hembra;19;HTT-NI;#0C7BDC;Female
44627;290219423;9423;;9;-;NI;Hembra;19;HTT-NI;#0C7BDC;Female
44621;290219824;9824;;9;-;NI;Hembra;19;HTT-NI;#0C7BDC;Female
44180;R6/2-D1-1;D1-1;44137;6;+;NI;Macho;17;HTT+NI;#994F00;Male
44627;290219143;9143;;9;+;VP64;Hembra;20;PSD95-6ZF-VP64;#009E73;Female
44627;290219824;9824;;9;-;NI;Hembra;20;HTT-NI;#0C7BDC;Female
44631;290219220;9220;;9;-;NI;Hembra;20;HTT-NI;#0C7BDC;Female
44627;290219312;9312;;9;-;NI;Hembra;20;HTT-NI;#0C7BDC;Female
44183;R6/2-D1-1;D1-1;;7;+;NI;Macho;19;HTT+NI;#994F00;Male
44263;287523931;3931;;9;+;NoED;Hembra;20;PSD95-6ZF-NoED;#E69F00;Female
44274;287523931;3931;;10;+;NoED;Hembra;21;PSD95-6ZF-NoED;#E69F00;Female
44279;287523931;3931;;11;+;NoED;Hembra;21;PSD95-6ZF-NoED;#E69F00;Female
44621;290219143;9143;;10;+;VP64;Hembra;21;PSD95-6ZF-VP64;#009E73;Female
44279;287257800;7800;;11;+;VP64;Macho;19;PSD95-6ZF-VP64;#009E73;Male
44743;290219169;9169;44697;7;+;VP64;Macho;18;PSD95-6ZF-VP64;#009E73;Male
44621;290219119;9119;;9;-;NI;Hembra;21;HTT-NI;#0C7BDC;Female
44627;290219119;9119;;9;-;NI;Hembra;21;HTT-NI;#0C7BDC;Female
44627;290219220;9220;;9;-;NI;Hembra;21;HTT-NI;#0C7BDC;Female
44631;290219312;9312;;9;-;NI;Hembra;21;HTT-NI;#0C7BDC;Female
44188;R6/2-D1-1;D1-1;;7;+;NI;Macho;21;HTT+NI;#994F00;Male
44746;290219169;9169;;7;+;VP64;Macho;19;PSD95-6ZF-VP64;#009E73;Male
44263;289838910;8910;;9;-;NI;hembra;22;HTT-NI;#0C7BDC;Female
44621;290219714;9714;;9;-;NI;Hembra;22;HTT-NI;#0C7BDC;Female
44627;290219714;9714;;9;-;NI;Hembra;22;HTT-NI;#0C7BDC;Female
44621;290219641;9641;;9;-;NI;Macho;22;HTT-NI;#0C7BDC;Male
44627;290219316;9316;;9;-;NI;Hembra;22;HTT-NI;#0C7BDC;Female
44193;R6/2-D1-1;D1-1;;8;+;NI;Macho;20;HTT+NI;#994F00;Male
44173;R6/2-E1-1;E1-1;44141;5;+;NI;Macho;21;HTT+NI;#994F00;Male
44178;R6/2-E1-1;E1-1;;5;+;NI;Macho;22;HTT+NI;#994F00;Male
44180;R6/2-E1-1;E1-1;;6;+;NI;Macho;22;HTT+NI;#994F00;Male
44274;289838887;8887;;9;-;NI;Macho;23;HTT-NI;#0C7BDC;Male
44627;290219261;9261;;9;-;NI;Hembra;23;HTT-NI;#0C7BDC;Female
44631;290219261;9261;;9;-;NI;Hembra;23;HTT-NI;#0C7BDC;Female
44627;290219641;9641;;9;-;NI;Macho;23;HTT-NI;#0C7BDC;Male
44631;290219316;9316;;9;-;NI;Hembra;23;HTT-NI;#0C7BDC;Female
44265;289756286;6286;;9;+;NoED;Macho;27;PSD95-6ZF-NoED;#E69F00;Male
44263;289756286;6286;;9;+;NoED;Macho;30;PSD95-6ZF-NoED;#E69F00;Male
44279;289838515;8515;;11;+;VP64;Hembra;14;PSD95-6ZF-VP64;#009E73;Female
44274;289838416;8416;;9;-;NI;Macho;24;HTT-NI;#0C7BDC;Male
44274;289838727;8727;;9;-;NI;Macho;24;HTT-NI;#0C7BDC;Male
44274;289847118;7118;;9;-;NI;Macho;24;HTT-NI;#0C7BDC;Male
44276;289847293;7293;;9;-;NI;Macho;24;HTT-NI;#0C7BDC;Male
44274;6608;6608;;9;-;NI;Hembra;24;HTT-NI;#0C7BDC;Female
44627;290219686;9686;;9;-;NI;Macho;24;HTT-NI;#0C7BDC;Male
44631;290219686;9686;;9;-;NI;Macho;24;HTT-NI;#0C7BDC;Male
44183;R6/2-E1-1;E1-1;;6;+;NI;Macho;22;HTT+NI;#994F00;Male
44274;6362;6362;;9;+;NoED;Macho;20;PSD95-6ZF-NoED;#E69F00;Male
44274;289838715;8715;;9;-;NI;Macho;25;HTT-NI;#0C7BDC;Male
44274;289847293;7293;;9;-;NI;Macho;25;HTT-NI;#0C7BDC;Male
44274;289846849;6849;;9;-;NI;Macho;25;HTT-NI;#0C7BDC;Male
44274;289838247;8247;;9;-;NI;Macho;25;HTT-NI;#0C7BDC;Male
44274;8966;8966;;9;-;NI;Hembra;25;HTT-NI;#0C7BDC;Female
44188;R6/2-E1-1;E1-1;;7;+;NI;Macho;23;HTT+NI;#994F00;Male
44279;6362;6362;;10;+;NoED;Macho;22;PSD95-6ZF-NoED;#E69F00;Male
44274;289846967;6967;;9;-;NI;Macho;26;HTT-NI;#0C7BDC;Male
44274;6388;6388;;9;-;NI;Macho;26;HTT-NI;#0C7BDC;Male
44193;R6/2-E1-1;E1-1;;7;+;NI;Macho;24;HTT+NI;#994F00;Male
44200;R6/2-E1-1;E1-1;;8;+;NI;Macho;24;HTT+NI;#994F00;Male
44203;R6/2-E1-1;E1-1;;9;+;NI;Macho;26;HTT+NI;#994F00;Male
44352;289756444;6444;;11;+;NoED;Hembra*;18;PSD95-6ZF-NoED;#E69F00;Female
44600;290219416;9416;;5;+;VP64;Macho;22;PSD95-6ZF-VP64;#009E73;Male
44274;289838604;8604;;9;-;NI;Macho;27;HTT-NI;#0C7BDC;Male
44274;289838817;8817;;9;-;NI;Macho;27;HTT-NI;#0C7BDC;Male
44173;R6/2-C2-1-RAA;#¿NOMBRE?;44141;5;+;NI;Macho;24;HTT+NI;#994F00;Male
44173;R6/2-B2-1-R00;#¿NOMBRE?;44140;5;+;NI;Macho;24;HTT+NI;#994F00;Male
44268;289756706;6706;;10;+;NoED;Macho;23;PSD95-6ZF-NoED;#E69F00;Male
44279;289756706;6706;;11;+;NoED;Macho;22;PSD95-6ZF-NoED;#E69F00;Male
44178;R6/2-C2-1-RAA;#¿NOMBRE?;;5;+;NI;Macho;26;HTT+NI;#994F00;Male
44178;R6/2-B2-1-R00;#¿NOMBRE?;;5;+;NI;Macho;26;HTT+NI;#994F00;Male
44627;290219115;9115;;9;-;NI;Macho;29;HTT-NI;#0C7BDC;Male
44627;290219543;9543;;9;-;NI;Macho;29;HTT-NI;#0C7BDC;Male
44627;290219368;9368;;9;-;NI;Macho;29;HTT-NI;#0C7BDC;Male
44631;290219115;9115;;9;-;NI;Macho;30;HTT-NI;#0C7BDC;Male
44274;289756706;6706;;11;+;NoED;Macho;23;PSD95-6ZF-NoED;#E69F00;Male
44279;289838930;8930;;11;+;VP64;Hembra;21;PSD95-6ZF-VP64;#009E73;Female
44180;R6/2-C2-1-RAA;#¿NOMBRE?;;6;+;NI;Macho;25;HTT+NI;#994F00;Male
44263;289756745;6745;;9;+;NoED;Macho;25;PSD95-6ZF-NoED;#E69F00;Male
44180;R6/2-B2-1-R00;#¿NOMBRE?;;6;+;NI;Macho;25;HTT+NI;#994F00;Male
44183;R6/2-C2-1-RAA;#¿NOMBRE?;;6;+;NI;Macho;26;HTT+NI;#994F00;Male
44636;290219220;9220;;10;-;NI;Hembra;20;HTT-NI;#0C7BDC;Female
44265;289756745;6745;;9;+;NoED;Macho;27;PSD95-6ZF-NoED;#E69F00;Male
44621;290219416;9416;;8;+;VP64;Macho;24;PSD95-6ZF-VP64;#009E73;Male
44627;290219416;9416;;9;+;VP64;Macho;26;PSD95-6ZF-VP64;#009E73;Male
44636;290219312;9312;;10;-;NI;Hembra;21;HTT-NI;#0C7BDC;Female
44268;289838226;8226;;9;+;NoED;Macho;23;PSD95-6ZF-NoED;#E69F00;Male
44183;R6/2-B2-1-R00;#¿NOMBRE?;;6;+;NI;Macho;27;HTT+NI;#994F00;Male
44265;289838226;8226;;9;+;NoED;Macho;24;PSD95-6ZF-NoED;#E69F00;Male
44274;289838910;8910;;10;-;NI;hembra;23;HTT-NI;#0C7BDC;Female
44636;290219261;9261;;10;-;NI;Hembra;23;HTT-NI;#0C7BDC;Female
44188;R6/2-C2-1-RAA;#¿NOMBRE?;;7;+;NI;Macho;27;HTT+NI;#994F00;Male
44193;R6/2-C2-1-RAA;#¿NOMBRE?;;7;+;NI;Macho;27;HTT+NI;#994F00;Male
44188;R6/2-B2-1-R00;#¿NOMBRE?;;7;+;NI;Macho;27;HTT+NI;#994F00;Male
44193;R6/2-B2-1-R00;#¿NOMBRE?;;8;+;NI;Macho;27;HTT+NI;#994F00;Male
44352;289838244;8244;;11;+;NoED;Hembra*;21;PSD95-6ZF-NoED;#E69F00;Female
44268;289838582;8582;;9;+;NoED;Hembra;20;PSD95-6ZF-NoED;#E69F00;Female
44279;289838416;8416;;10;-;NI;Macho;24;HTT-NI;#0C7BDC;Male
44279;289838887;8887;;10;-;NI;Macho;24;HTT-NI;#0C7BDC;Male
44279;6608;6608;;10;-;NI;Hembra;24;HTT-NI;#0C7BDC;Female
44200;R6/2-C2-1-RAA;#¿NOMBRE?;;8;+;NI;Macho;28;HTT+NI;#994F00;Male
44279;289847118;7118;;10;-;NI;Macho;25;HTT-NI;#0C7BDC;Male
44279;8966;8966;;10;-;NI;Hembra;25;HTT-NI;#0C7BDC;Female
44636;290219686;9686;;10;-;NI;Macho;25;HTT-NI;#0C7BDC;Male
44200;R6/2-B2-1-R00;#¿NOMBRE?;;9;+;NI;Macho;27;HTT+NI;#994F00;Male
44203;R6/2-C2-1-RAA;#¿NOMBRE?;;9;+;NI;Macho;28;HTT+NI;#994F00;Male
44279;289838604;8604;;10;-;NI;Macho;26;HTT-NI;#0C7BDC;Male
44279;289838715;8715;;10;-;NI;Macho;26;HTT-NI;#0C7BDC;Male
44279;289838727;8727;;10;-;NI;Macho;26;HTT-NI;#0C7BDC;Male
44279;289846849;6849;;10;-;NI;Macho;26;HTT-NI;#0C7BDC;Male
44279;289838247;8247;;10;-;NI;Macho;26;HTT-NI;#0C7BDC;Male
44210;R6/2-B2-1-R00;#¿NOMBRE?;;10;+;NI;Macho;26;HTT+NI;#994F00;Male
44279;289847293;7293;;10;-;NI;Macho;27;HTT-NI;#0C7BDC;Male
44279;6388;6388;;10;-;NI;Macho;27;HTT-NI;#0C7BDC;Male
44279;289846967;6967;;10;-;NI;Macho;28;HTT-NI;#0C7BDC;Male
44279;289838817;8817;;10;-;NI;Macho;28;HTT-NI;#0C7BDC;Male
44636;290219115;9115;;10;-;NI;Macho;29;HTT-NI;#0C7BDC;Male
44636;290219543;9543;;10;-;NI;Macho;31;HTT-NI;#0C7BDC;Male
44636;290219368;9368;;10;-;NI;Macho;32;HTT-NI;#0C7BDC;Male
44217;R6/2-D1-1-00;1-00;;11;+;NI;Macho;11,42857143;HTT+NI;#994F00;Male
44636;290219143;9143;;11;+;VP64;Hembra;20;PSD95-6ZF-VP64;#009E73;Female
44287;6694;6694;;11;+;NI;Hembra;18;HTT+NI;#994F00;Female
44287;7264;7264;;11;+;NI;Hembra;18;HTT+NI;#994F00;Female
44274;289838582;8582;;10;+;NoED;Hembra;20;PSD95-6ZF-NoED;#E69F00;Female
44221;R6/2-C2-1-RAA;#¿NOMBRE?;;11;+;NI;Macho;19;HTT+NI;#994F00;Male
44627;290219416;9416;;10;+;VP64;Macho;25;PSD95-6ZF-VP64;#009E73;Male
44600;290219548;9548;;6;+;VP64;Hembra;18;PSD95-6ZF-VP64;#009E73;Female
44627;290219416;9416;;11;+;VP64;Macho;25;PSD95-6ZF-VP64;#009E73;Male
44621;290219548;9548;;9;+;VP64;Hembra;19;PSD95-6ZF-VP64;#009E73;Female
44636;290219423;9423;;11;-;NI;Hembra;20;HTT-NI;#0C7BDC;Female
44287;7190;7190;44212;11;+;NI;Hembra;20;HTT+NI;#994F00;Female
44627;290219548;9548;;10;+;VP64;Hembra;20;PSD95-6ZF-VP64;#009E73;Female
44352;289838791;8791;;11;-;NI;Hembra*;20;HTT-NI;#0C7BDC;Female
44287;289838831;8831;;11;+;NI;Macho;21;HTT+NI;#994F00;Male
44279;289838582;8582;;11;+;NoED;Hembra;21;PSD95-6ZF-NoED;#E69F00;Female
44631;290219172;9172;;9;+;NoED;Macho;23;PSD95-6ZF-NoED;#E69F00;Male
44221;R6/2-A2-1-00;1-00;;11;+;NI;Macho;21;HTT+NI;#994F00;Male
44636;290219548;9548;;11;+;VP64;Hembra;19;PSD95-6ZF-VP64;#009E73;Female
44636;290219172;9172;;10;+;NoED;Macho;23;PSD95-6ZF-NoED;#E69F00;Male
44287;3005;3005;;11;+;NI;Hembra;22;HTT+NI;#994F00;Female
44216;R6/2-C2-1-RAA;#¿NOMBRE?;;11;+;NI;Macho;22;HTT+NI;#994F00;Male
44217;R6/2-C2-1;C2-1;;11;+;NI;Macho;22;HTT+NI;#994F00;Male
44221;R6/2-C2-1;C2-1;;11;+;NI;Macho;22;HTT+NI;#994F00;Male
44627;290219691;9691;;9;+;NoED;Hembra;26;PSD95-6ZF-NoED;#E69F00;Female
44279;289838910;8910;;11;-;NI;hembra;23;HTT-NI;#0C7BDC;Female
44636;290219714;9714;;11;-;NI;Hembra;23;HTT-NI;#0C7BDC;Female
44636;290219119;9119;;11;-;NI;Hembra;23;HTT-NI;#0C7BDC;Female
44636;290219641;9641;;11;-;NI;Macho;23;HTT-NI;#0C7BDC;Male
44643;290219316;9316;;11;-;NI;Hembra;23;HTT-NI;#0C7BDC;Female
44217;R6/2-C2-1;C2-1;;11;+;NI;Macho;23;HTT+NI;#994F00;Male
44221;R6/2-C2-1;C2-1;;11;+;NI;Macho;23;HTT+NI;#994F00;Male
44221;R6/2-E1-1;E1-1;;11;+;NI;Macho;23;HTT+NI;#994F00;Male
44636;290219691;9691;;10;+;NoED;Hembra;18;PSD95-6ZF-NoED;#E69F00;Female
44287;289838887;8887;;11;-;NI;Macho;24;HTT-NI;#0C7BDC;Male
44287;6274;6274;;11;+;NI;Hembra;24;HTT+NI;#994F00;Female
44217;R6/2-A2-1-00;1-00;;11;+;NI;Macho;24;HTT+NI;#994F00;Male
44352;289756897;6897;;11;-;NI;Hembra*;24;HTT-NI;#0C7BDC;Female
44287;289838416;8416;;11;-;NI;Macho;25;HTT-NI;#0C7BDC;Male
44287;289838715;8715;;11;-;NI;Macho;25;HTT-NI;#0C7BDC;Male
44287;6608;6608;;11;-;NI;Hembra;25;HTT-NI;#0C7BDC;Female
44287;8966;8966;;11;-;NI;Hembra;25;HTT-NI;#0C7BDC;Female
44279;287556747;6747;;11;+;NI;Macho;25;HTT+NI;#994F00;Male
44287;289847118;7118;;11;-;NI;Macho;26;HTT-NI;#0C7BDC;Male
44287;289846849;6849;;11;-;NI;Macho;26;HTT-NI;#0C7BDC;Male
44217;R6/2-B2-1-R00;#¿NOMBRE?;;11;+;NI;Macho;26;HTT+NI;#994F00;Male
44287;289838727;8727;;11;-;NI;Macho;27;HTT-NI;#0C7BDC;Male
44287;289838247;8247;;11;-;NI;Macho;27;HTT-NI;#0C7BDC;Male
44287;289847293;7293;;11;-;NI;Macho;28;HTT-NI;#0C7BDC;Male
44287;289846967;6967;;11;-;NI;Macho;28;HTT-NI;#0C7BDC;Male
44287;289838817;8817;;11;-;NI;Macho;29;HTT-NI;#0C7BDC;Male
44636;290219824;9824;;11;-;NI;Hembra;29;HTT-NI;#0C7BDC;Female
44287;289838515;8515;;12;;VP64;Hembra;13;PSD95-6ZF-VP64;#009E73;Female
44287;287257800;7800;;12;+;VP64;Macho;14;PSD95-6ZF-VP64;#009E73;Male
44353;289838941;8941;;12;+;VP64;Hembra*;15;PSD95-6ZF-VP64;#009E73;Female
44295;289838831;8831;;12;+;NI;Macho;18;HTT+NI;#994F00;Male
44295;6694;6694;;12;+;NI;Hembra;18;HTT+NI;#994F00;Female
44295;7264;7264;;12;+;NI;Hembra;18;HTT+NI;#994F00;Female
44295;7190;7190;44212;12;+;NI;Hembra;19;HTT+NI;#994F00;Female
44287;287523931;3931;;12;+;NoED;Hembra;19;PSD95-6ZF-NoED;#E69F00;Female
44221;R6/2-D1-1;D1-1;;12;+;NI;Macho;19;HTT+NI;#994F00;Male
44287;289756706;6706;;12;+;NoED;Macho;19;PSD95-6ZF-NoED;#E69F00;Male
44226;R6/2-A2-1-00;1-00;;12;+;NI;Macho;20;HTT+NI;#994F00;Male
44287;289838930;8930;;12;+;VP64;Hembra;20;PSD95-6ZF-VP64;#009E73;Female
44295;3005;3005;;12;+;NI;Hembra;21;HTT+NI;#994F00;Female
44352;287585371;5371;;12;-;Tripan;Hembra*;21;HTT-NI;#0C7BDC;Female
44353;289838225;8225;;12;-;NI;Hembra*;21;HTT-NI;#0C7BDC;Female
44353;289838718;8718;;12;-;NI;Hembra*;21;HTT-NI;#0C7BDC;Female
44287;289838582;8582;;12;+;NoED;Hembra;22;PSD95-6ZF-NoED;#E69F00;Female
44226;R6/2-C2-1;C2-1;;12;+;NI;Macho;22;HTT+NI;#994F00;Male
44226;R6/2-C2-1;C2-1;;12;+;NI;Macho;22;HTT+NI;#994F00;Male
44226;R6/2-B2-1-R00;#¿NOMBRE?;;12;+;NI;Macho;22;HTT+NI;#994F00;Male
44295;6274;6274;;12;+;NI;Hembra;23;HTT+NI;#994F00;Female
44287;287556747;6747;;12;+;NI;Macho;23;HTT+NI;#994F00;Male
44226;R6/2-B2-1;B2-1;;12;+;NI;Macho;23;HTT+NI;#994F00;Male
44221;R6/2-B2-1-R00;#¿NOMBRE?;;12;+;NI;Macho;24;HTT+NI;#994F00;Male
44287;289838910;8910;;12;-;NI;hembra;25;HTT-NI;#0C7BDC;Female
44295;289838887;8887;;12;-;NI;Macho;25;HTT-NI;#0C7BDC;Male
44295;6608;6608;;12;-;NI;Hembra;25;HTT-NI;#0C7BDC;Female
44221;R6/2-B2-1;B2-1;;12;+;NI;Macho;25;HTT+NI;#994F00;Male
44295;289838727;8727;;12;-;NI;Macho;26;HTT-NI;#0C7BDC;Male
44295;289847118;7118;;12;-;NI;Macho;26;HTT-NI;#0C7BDC;Male
44295;289838715;8715;;12;-;NI;Macho;27;HTT-NI;#0C7BDC;Male
44295;289846849;6849;;12;-;NI;Macho;27;HTT-NI;#0C7BDC;Male
44352;287561632;1632;;12;-;NI;Macho*;27;HTT-NI;#0C7BDC;Male
44295;289846967;6967;;12;-;NI;Macho;28;HTT-NI;#0C7BDC;Male
44295;8966;8966;;12;-;NI;Hembra;28;HTT-NI;#0C7BDC;Female
44295;289847293;7293;;12;-;NI;Macho;29;HTT-NI;#0C7BDC;Male
44295;289838247;8247;;12;-;NI;Macho;29;HTT-NI;#0C7BDC;Male
44295;289838817;8817;;12;-;NI;Macho;29;HTT-NI;#0C7BDC;Male
44295;6388;6388;;12;-;NI;Macho;29;HTT-NI;#0C7BDC;Male
44295;289838515;8515;;13;;VP64;Hembra;10;PSD95-6ZF-VP64;#009E73;Female
44301;289838831;8831;;13;+;NI;Macho;15;HTT+NI;#994F00;Male
44305;7190;7190;44212;13;+;NI;Hembra;15;HTT+NI;#994F00;Female
44304;7264;7264;;13;+;NI;Hembra;15;HTT+NI;#994F00;Female
44295;289838930;8930;;13;+;VP64;Hembra;15;PSD95-6ZF-VP64;#009E73;Female
44301;7264;7264;;13;+;NI;Hembra;16;HTT+NI;#994F00;Female
44305;7153;7153;;13;+;NI;Macho;17;HTT+NI;#994F00;Male
44303;6274;6274;;13;+;NI;Hembra;18;HTT+NI;#994F00;Female
44305;7580;7580;;13;+;NI;Macho;18;HTT+NI;#994F00;Male
44295;287523931;3931;;13;+;NoED;Hembra;18;PSD95-6ZF-NoED;#E69F00;Female
44353;287650977;977;;13;+;NoED;Hembra;18;PSD95-6ZF-NoED;#E69F00;Female
44226;R6/2-D1-1;D1-1;;13;+;NI;Macho;19;HTT+NI;#994F00;Male
44301;6274;6274;;13;+;NI;Hembra;20;HTT+NI;#994F00;Female
44301;7190;7190;44212;13;+;NI;Hembra;20;HTT+NI;#994F00;Female
44301;6694;6694;;13;+;NI;Hembra;20;HTT+NI;#994F00;Female
44301;3005;3005;;13;+;NI;Hembra;21;HTT+NI;#994F00;Female
44304;3005;3005;;13;+;NI;Hembra;21;HTT+NI;#994F00;Female
44305;6914;6914;;13;+;NI;Macho;21;HTT+NI;#994F00;Male
44301;289838887;8887;;13;-;NI;Macho;23;HTT-NI;#0C7BDC;Male
44295;289838910;8910;;13;-;NI;hembra;24;HTT-NI;#0C7BDC;Female
44301;289838715;8715;;13;-;NI;Macho;27;HTT-NI;#0C7BDC;Male
44301;289838727;8727;;13;-;NI;Macho;27;HTT-NI;#0C7BDC;Male
44301;289847118;7118;;13;-;NI;Macho;27;HTT-NI;#0C7BDC;Male
44301;289846849;6849;;13;-;NI;Macho;28;HTT-NI;#0C7BDC;Male
44301;6608;6608;;13;-;NI;Hembra;28;HTT-NI;#0C7BDC;Female
44303;6608;6608;;13;-;NI;Hembra;28;HTT-NI;#0C7BDC;Female
44301;8966;8966;;13;-;NI;Hembra;28;HTT-NI;#0C7BDC;Female
44303;8966;8966;;13;-;NI;Hembra;28;HTT-NI;#0C7BDC;Female
44301;289847293;7293;;13;-;NI;Macho;29;HTT-NI;#0C7BDC;Male
44301;289838247;8247;;13;-;NI;Macho;30;HTT-NI;#0C7BDC;Male
44301;289846967;6967;;13;-;NI;Macho;30;HTT-NI;#0C7BDC;Male
44301;289838817;8817;;13;-;NI;Macho;30;HTT-NI;#0C7BDC;Male
44353;287020606;606;;13;+;NI;Hembra;;HTT+NI;#994F00;Female
44239;R6/2-A2-1-00;1-00;;14;+;NI;Macho;0;HTT+NI;#994F00;Male
44300;289838515;8515;;14;;VP64;Hembra;10;PSD95-6ZF-VP64;#009E73;Female
44304;289838831;8831;;14;+;NI;Macho;13;HTT+NI;#994F00;Male
44239;R6/2-C2-1-RAA;#¿NOMBRE?;;14;+;NI;Macho;14;HTT+NI;#994F00;Male
44239;R6/2-C2-1;C2-1;;14;+;NI;Macho;15;HTT+NI;#994F00;Male
44239;R6/2-C2-1;C2-1;;14;+;NI;Macho;15;HTT+NI;#994F00;Male
44301;289838930;8930;;14;+;VP64;Hembra;15;PSD95-6ZF-VP64;#009E73;Female
44239;R6/2-B2-1-R00;#¿NOMBRE?;;14;+;NI;Macho;16;HTT+NI;#994F00;Male
44301;287523931;3931;;14;+;NoED;Hembra;17;PSD95-6ZF-NoED;#E69F00;Female
44304;289838226;8226;;14;;NoED;Macho;17;PSD95-6ZF-NoED;#E69F00;Male
44304;286992078;2078;;14;+;NoED;Macho;18;PSD95-6ZF-NoED;#E69F00;Male
44295;289756706;6706;;14;+;NoED;muerto;19;PSD95-6ZF-NoED;#E69F00;Male
44239;R6/2-B2-1;B2-1;;14;+;NI;Macho;22;HTT+NI;#994F00;Male
44301;289838910;8910;;14;-;NI;hembra;25;HTT-NI;#0C7BDC;Female
44308;289838887;8887;;14;-;NI;Macho;26;HTT-NI;#0C7BDC;Male
44307;289847118;7118;;14;-;NI;Macho;27;HTT-NI;#0C7BDC;Male
44307;289838715;8715;;14;-;NI;Macho;28;HTT-NI;#0C7BDC;Male
44307;289838727;8727;;14;-;NI;Macho;28;HTT-NI;#0C7BDC;Male
44308;289846849;6849;;14;-;NI;Macho;29;HTT-NI;#0C7BDC;Male
44308;289847293;7293;;14;-;NI;Macho;30;HTT-NI;#0C7BDC;Male
44307;289838247;8247;;14;-;NI;Macho;30;HTT-NI;#0C7BDC;Male
44307;289846967;6967;;14;-;NI;Macho;30;HTT-NI;#0C7BDC;Male
44307;289838817;8817;;14;-;NI;Macho;30;HTT-NI;#0C7BDC;Male
44248;R6/2-C2-1-RAA;#¿NOMBRE?;;15;+;NI;Macho;0;HTT+NI;#994F00;Male
44248;R6/2-C2-1;C2-1;;15;+;NI;Macho;0;HTT+NI;#994F00;Male
44756;140722-2;22-feb;-;15;+;NI;Hembra;13;HTT+NI;#994F00;Female
44239;R6/2-D1-1;D1-1;;15;+;NI;Macho;14;HTT+NI;#994F00;Male
44239;R6/2-D1-1-00;1-00;;15;+;NI;Macho;14,57142857;HTT+NI;#994F00;Male
44756;140722-1;22-ene;-;15;+;NI;Hembra;15;HTT+NI;#994F00;Female
44304;287523931;3931;;15;+;NoED;Hembra;15;PSD95-6ZF-NoED;#E69F00;Female
44304;289756745;6745;;15;+;NoED;Macho;15;PSD95-6ZF-NoED;#E69F00;Male
44256;R6/2-C2-1;C2-1;;16;+;NI;Macho;0;HTT+NI;#994F00;Male
44256;R6/2-E1-1;E1-1;;16;+;NI;Macho;0;HTT+NI;#994F00;Male
44256;R6/2-D1-1;D1-1;;17;+;NI;Macho;0;HTT+NI;#994F00;Male
44256;R6/2-B2-1-R00;#¿NOMBRE?;;17;+;NI;Macho;0;HTT+NI;#994F00;Male
44254;R6/2-D1-1-00;1-00;;17;+;NI;Macho;16,71428571;HTT+NI;#994F00;Male
44831;290248680;8680;;18;+;NoED;Hembra;14;PSD95-6ZF-NoED;#E69F00;Female
